Unnið 25/02/2015,Íbúðaverð í fjölbýli - ársmeðaltöl,,,,,,,,
ár,fjöldi ,meðal-,meðal-,meðal-,meðal kaupv.,meðal staðgr.v.,,,
,í úrtaki,flatarmál (m²),kaupverð (þús.kr.),staðgr.verð (þús.kr.),pr. ferm. (kr./m²),pr. ferm. (kr./m²),,,
"Innan Hringbrautar og Snorrrabrautar, Reykjavík",,,,,,,,,
,,,,,,,,,
1990.0,188.0,82.0,4806.0,4281.0,60316.0,53598.0,,,
1991.0,190.0,82.0,5348.0,4627.0,68976.0,59610.0,,,
1992.0,295.0,80.0,5784.0,5192.0,75742.0,67907.0,,,
1993.0,312.0,79.0,5672.0,5157.0,75319.0,68339.0,,,
1994.0,384.0,83.0,6032.0,5751.0,76209.0,72610.0,,,
1995.0,384.0,82.0,5918.0,5499.0,75074.0,69878.0,,,
1996.0,499.0,80.0,5832.0,5450.0,76719.0,71728.0,,, 
1997.0,553.0,85.0,6473.0,6105.0,79021.0,74538.0,,,
1998.0,532.0,84.0,6732.0,6575.0,82986.0,81089.0,,,
1999.0,700.0,85.0,7814.0,7790.0,96319.0,96126.0,,,
2000.0,599.0,83.0,9218.0,8768.0,116038.0,110234.0,,,
2001.0,515.0,82.0,9935.0,9279.0,124160.0,115929.0,,,
2002.0,585.0,84.0,10889.0,10212.0,134949.0,126419.0,,,
2003.0,673.0,86.0,12054.0,11863.0,144400.0,142374.0,,,
2004.0,715.0,83.0,13271.0,13201.0,163883.0,163234.0,,,
2005.0,673.0,83.0,17837.0,17725.0,219187.0,217952.0,,,
2006.0,475.0,81.0,20850.0,20503.0,256117.0,252296.0,,,
2007.0,625.0,81.0,23805.0,23283.0,294310.0,288428.0,,,
2008.0,222.0,81.0,25000.0,24263.0,308518.0,300409.0,,,
2009.0,119.0,87.0,24192.0,23403.0,279095.0,270012.0,,,
2010.0,172.0,85.0,22128.0,21728.0,261884.0,256696.0,,,
2011.0,279.0,89.0,23174.0,22811.0,266639.0,262253.0,,,
2012.0,396.0,89.0,27686.0,27227.0,308699.0,303492.0,,,
2013.0,391.0,86.0,29747.0,29326.0,340768.0,335950.0,,,
2014.0,411.0,88.0,33754.0,33221.0,382146.0,377166.0,,,
,,,,,,,,,
"Melar og Hagar, Reykjavík",,,,,,,,,
,,,,,,,,,
1990.0,90.0,92.0,6142.0,5539.0,68581.0,61580.0,,,
1991.0,80.0,96.0,7146.0,6192.0,76317.0,65958.0,,,
1992.0,100.0,92.0,7024.0,6377.0,78504.0,71292.0,,,
1993.0,85.0,99.0,7459.0,6763.0,79531.0,71896.0,,,
1994.0,132.0,97.0,7257.0,6894.0,77465.0,73808.0,,,
1995.0,115.0,97.0,7326.0,6817.0,76669.0,71413.0,,,
1996.0,150.0,92.0,7130.0,6677.0,79950.0,74906.0,,,
1997.0,136.0,91.0,7263.0,6820.0,82317.0,77237.0,,,
1998.0,134.0,95.0,7782.0,7588.0,84749.0,82683.0,,,
1999.0,152.0,95.0,8932.0,8876.0,96645.0,96114.0,,,
2000.0,126.0,92.0,10508.0,9949.0,116850.0,110528.0,,,
2001.0,147.0,95.0,11835.0,11060.0,128092.0,119464.0,,,
2002.0,145.0,97.0,12538.0,11714.0,131528.0,122575.0,,,
2003.0,137.0,96.0,13197.0,12955.0,140494.0,138057.0,,,
2004.0,172.0,97.0,15229.0,15126.0,160934.0,160068.0,,,
2005.0,157.0,93.0,19023.0,18909.0,209270.0,208241.0,,,
2006.0,124.0,99.0,23436.0,23071.0,239457.0,235873.0,,,
2007.0,119.0,94.0,25739.0,25197.0,275600.0,270349.0,,,
2008.0,65.0,97.0,28005.0,27054.0,289602.0,280519.0,,,
2009.0,35.0,109.0,28041.0,26990.0,269092.0,259374.0,,,
2010.0,54.0,102.0,23978.0,23478.0,239661.0,234077.0,,,
2011.0,95.0,99.0,26068.0,25679.0,269008.0,264859.0,,,
2012.0,99.0,103.0,29078.0,28783.0,283757.0,280623.0,,,
2013.0,106.0,108.0,33356.0,32956.0,314623.0,310873.0,,,
2014.0,91.0,101.0,34352.0,33952.0,351425.0,347784.0,,,
,,,,,,,,,
"Grandar, Reykjavík",,,,,,,,,
,,,,,,,,,
1990.0,66.0,80.0,6103.0,5312.0,78973.0,68319.0,,,
1991.0,68.0,84.0,6752.0,5821.0,83634.0,72183.0,,,
1992.0,61.0,77.0,6745.0,5995.0,92207.0,81756.0,,,
1993.0,42.0,77.0,6599.0,6008.0,89523.0,81132.0,,,
1994.0,63.0,101.0,7424.0,6969.0,88106.0,82930.0,,,
1995.0,82.0,83.0,6944.0,6341.0,87267.0,79999.0,,,
1996.0,80.0,79.0,6532.0,6038.0,85616.0,79218.0,,,
1997.0,80.0,84.0,7058.0,6591.0,87316.0,81507.0,,,
1998.0,107.0,82.0,7003.0,6787.0,89617.0,86836.0,,,
1999.0,93.0,84.0,8171.0,8120.0,101177.0,100560.0,,,
2000.0,95.0,92.0,10084.0,9555.0,115124.0,109198.0,,,
2001.0,83.0,90.0,11031.0,10282.0,128169.0,119401.0,,,
2002.0,92.0,89.0,11059.0,10279.0,129275.0,120146.0,,,
2003.0,104.0,89.0,11911.0,11709.0,139838.0,137490.0,,,
2004.0,117.0,93.0,13301.0,13227.0,150684.0,149940.0,,,
2005.0,93.0,90.0,17318.0,17232.0,200207.0,199418.0,,,
2006.0,80.0,87.0,18704.0,18454.0,223128.0,220433.0,,,
2007.0,113.0,94.0,22846.0,22410.0,249872.0,245316.0,,,
2008.0,33.0,89.0,22318.0,21622.0,263331.0,255284.0,,,
2009.0,19.0,81.0,19421.0,18635.0,251311.0,241278.0,,,
2010.0,37.0,93.0,19746.0,19331.0,223064.0,219037.0,,,
2011.0,61.0,85.0,20697.0,20201.0,253427.0,247620.0,,,
2012.0,69.0,92.0,23305.0,22879.0,262321.0,257831.0,,,
2013.0,76.0,89.0,25137.0,24817.0,294968.0,291245.0,,,
2014.0,58.0,90.0,28769.0,28326.0,332150.0,327355.0,,,
,,,,,,,,,
"Hlíðar, Reykjavík",,,,,,,,,
,,,,,,,,,
1994.0,82.0,102.0,7409.0,7040.0,75750.0,72189.0,,,
1995.0,68.0,98.0,7243.0,6718.0,75732.0,70170.0,,,
1996.0,149.0,100.0,7186.0,6680.0,74428.0,69119.0,,,
1997.0,136.0,97.0,7187.0,6780.0,76638.0,72426.0,,,
1998.0,170.0,94.0,7209.0,7011.0,81260.0,79070.0,,,
1999.0,188.0,94.0,8432.0,8388.0,92932.0,92543.0,,,
2000.0,137.0,95.0,10388.0,9790.0,111346.0,104732.0,,,
2001.0,142.0,90.0,10745.0,9965.0,124474.0,115499.0,,,
2002.0,144.0,97.0,11799.0,10974.0,125686.0,116808.0,,,
2003.0,150.0,110.0,14125.0,13894.0,139481.0,137362.0,,,
2004.0,210.0,99.0,15303.0,15197.0,157929.0,157084.0,,,
2005.0,163.0,94.0,18963.0,18827.0,206009.0,204735.0,,,
2006.0,145.0,95.0,20632.0,20263.0,222197.0,218542.0,,,
2007.0,154.0,99.0,24585.0,24090.0,255665.0,250737.0,,,
2008.0,63.0,94.0,24925.0,24124.0,273102.0,264286.0,,,
2009.0,36.0,106.0,25306.0,24208.0,241825.0,231545.0,,,
2010.0,64.0,101.0,22230.0,21634.0,229137.0,222736.0,,,
2011.0,97.0,96.0,22468.0,21953.0,241826.0,236408.0,,,
2012.0,109.0,101.0,25669.0,25318.0,263033.0,259080.0,,,
2013.0,113.0,97.0,27749.0,27286.0,292416.0,287831.0,,,
2014.0,122.0,102.0,30904.0,30556.0,315628.0,312075.0,,,
,,,,,,,,,
"Háaleitisbraut, Reykjavík",,,,,,,,,
,,,,,,,,,
1994.0,16.0,102.0,7137.0,6695.0,71207.0,66878.0,,,
1995.0,48.0,105.0,7114.0,6632.0,71106.0,66538.0,,,
1996.0,41.0,107.0,7174.0,6625.0,68872.0,63762.0,,,
1997.0,44.0,99.0,6858.0,6347.0,71550.0,66313.0,,,
1998.0,41.0,97.0,7168.0,6945.0,76494.0,74143.0,,,
1999.0,51.0,102.0,8645.0,8606.0,88404.0,87983.0,,,
2000.0,30.0,96.0,10130.0,9537.0,107656.0,101380.0,,,
2001.0,38.0,109.0,11509.0,10656.0,108050.0,100060.0,,,
2002.0,40.0,98.0,11114.0,10358.0,117423.0,109812.0,,,
2003.0,39.0,109.0,12273.0,12058.0,117605.0,115687.0,,,
2004.0,47.0,102.0,13677.0,13613.0,139014.0,138506.0,,,
2005.0,36.0,102.0,17608.0,17509.0,177895.0,176991.0,,,
2006.0,31.0,101.0,19456.0,19253.0,199320.0,197220.0,,,
2007.0,43.0,110.0,22834.0,22435.0,214754.0,211331.0,,,
2008.0,15.0,95.0,21703.0,21122.0,240137.0,233373.0,,,
2009.0,5.0,120.0,23380.0,22614.0,204771.0,195338.0,,,
2010.0,15.0,113.0,21753.0,21170.0,193887.0,189369.0,,,
2011.0,22.0,106.0,20918.0,20819.0,205683.0,204822.0,,,
2012.0,12.0,98.0,22402.0,22137.0,238926.0,235473.0,,,
2013.0,33.0,106.0,25054.0,24668.0,246496.0,242823.0,,,
2014.0,29.0,105.0,27850.0,27657.0,274462.0,272666.0,,,
,,,,,,,,,
"Lönd, Reykjavík",,,,,,,,,
,,,,,,,,,
1990.0,34.0,89.0,6666.0,6066.0,77425.0,70238.0,,,
1991.0,45.0,83.0,6986.0,6192.0,86807.0,76730.0,,,
1992.0,31.0,89.0,7876.0,7066.0,90683.0,81330.0,,,
1993.0,31.0,84.0,7366.0,6690.0,90082.0,81483.0,,,
1994.0,48.0,97.0,7886.0,7431.0,86787.0,81859.0,,,
1995.0,40.0,86.0,7062.0,6556.0,84544.0,78748.0,,,
1996.0,37.0,91.0,7588.0,7055.0,86153.0,80259.0,,,
1997.0,38.0,87.0,7500.0,7043.0,89419.0,84173.0,,,
1998.0,71.0,83.0,7171.0,6963.0,90063.0,87625.0,,,
1999.0,53.0,79.0,8161.0,8143.0,105606.0,105492.0,,,
2000.0,62.0,80.0,10036.0,9542.0,128640.0,122286.0,,,
2001.0,47.0,94.0,11921.0,11129.0,130980.0,122359.0,,,
2002.0,37.0,78.0,10762.0,10091.0,140472.0,131755.0,,,
2003.0,51.0,91.0,12883.0,12660.0,148456.0,146234.0,,,
2004.0,70.0,84.0,13901.0,13815.0,170959.0,170043.0,,,
2005.0,41.0,86.0,18554.0,18340.0,218264.0,216509.0,,,
2006.0,51.0,93.0,22587.0,22308.0,245342.0,243043.0,,,
2007.0,60.0,87.0,23634.0,23368.0,277228.0,274431.0,,,
2008.0,19.0,74.0,21342.0,21015.0,295114.0,290815.0,,,
2009.0,14.0,79.0,18975.0,18499.0,255794.0,248257.0,,,
2010.0,29.0,89.0,20857.0,20419.0,237853.0,233567.0,,,
2011.0,43.0,96.0,24020.0,23633.0,259422.0,255054.0,,,
2012.0,36.0,91.0,23697.0,23368.0,264626.0,260647.0,,,
2013.0,36.0,94.0,27265.0,26975.0,297348.0,294266.0,,,
2014.0,51.0,97.0,30968.0,30712.0,331514.0,328772.0,,,
,,,,,,,,,
"Teigar og Tún, Reykjavík",,,,,,,,,
,,,,,,,,,
1990.0,35.0,100.0,6147.0,5488.0,63664.0,56752.0,,,
1991.0,31.0,110.0,7463.0,6534.0,69339.0,60290.0,,,
1992.0,26.0,87.0,6544.0,5821.0,78835.0,69816.0,,,
1993.0,28.0,88.0,6372.0,5880.0,73222.0,67582.0,,,
1994.0,55.0,89.0,6332.0,6040.0,74420.0,71118.0,,,
1995.0,72.0,96.0,6856.0,6382.0,75538.0,70468.0,,,
1996.0,86.0,99.0,7528.0,7016.0,79601.0,73973.0,,,
1997.0,92.0,93.0,6958.0,6507.0,80583.0,75150.0,,,
1998.0,105.0,87.0,6824.0,6701.0,81062.0,79696.0,,,
1999.0,125.0,103.0,9721.0,9513.0,97371.0,95838.0,,,
2000.0,161.0,99.0,10990.0,10363.0,113322.0,106746.0,,,
2001.0,92.0,99.0,11736.0,10921.0,121829.0,113347.0,,,
2002.0,168.0,106.0,13964.0,13175.0,134829.0,127028.0,,,
2003.0,109.0,108.0,15182.0,14935.0,142539.0,140340.0,,,
2004.0,128.0,92.0,13970.0,13831.0,154886.0,153557.0,,,
2005.0,136.0,93.0,19438.0,19134.0,208907.0,206346.0,,,
2006.0,112.0,98.0,24046.0,23397.0,243647.0,238301.0,,,
2007.0,135.0,98.0,27063.0,26403.0,279705.0,273363.0,,,
2008.0,46.0,98.0,26753.0,26083.0,274766.0,267417.0,,,
2009.0,21.0,79.0,19658.0,18926.0,250900.0,241874.0,,,
2010.0,33.0,90.0,21578.0,21042.0,244570.0,238706.0,,,
2011.0,96.0,98.0,26561.0,25979.0,266520.0,260350.0,,,
2012.0,93.0,98.0,26124.0,25678.0,265947.0,261738.0,,,
2013.0,97.0,99.0,27685.0,27300.0,289704.0,285891.0,,,
2014.0,115.0,91.0,28417.0,28088.0,318476.0,314987.0,,,
,,,,,,,,,
"Vogar, Reykjavík",,,,,,,,,
,,,,,,,,,
1990.0,43.0,89.0,5475.0,4844.0,64483.0,56258.0,,,
1991.0,30.0,93.0,6628.0,5726.0,72328.0,62343.0,,,
1992.0,24.0,87.0,6688.0,5936.0,79008.0,69836.0,,,
1993.0,24.0,85.0,6390.0,5841.0,77037.0,70451.0,,,
1994.0,53.0,90.0,6511.0,6184.0,75805.0,71878.0,,,
1995.0,40.0,88.0,6501.0,6031.0,77401.0,71800.0,,,
1996.0,56.0,97.0,7038.0,6562.0,75404.0,70246.0,,,
1997.0,47.0,90.0,6784.0,6382.0,77346.0,72775.0,,,
1998.0,51.0,96.0,7420.0,7166.0,81374.0,78502.0,,,
1999.0,77.0,88.0,8015.0,7976.0,93213.0,92727.0,,,
2000.0,50.0,94.0,9868.0,9245.0,111067.0,103748.0,,,
2001.0,61.0,91.0,10242.0,9496.0,118236.0,109113.0,,,
2002.0,53.0,88.0,10790.0,10026.0,127039.0,117995.0,,,
2003.0,63.0,102.0,12487.0,12324.0,130142.0,128614.0,,,
2004.0,64.0,88.0,12672.0,12580.0,149703.0,148922.0,,,
2005.0,67.0,87.0,16540.0,16416.0,194063.0,192993.0,,,
2006.0,50.0,97.0,20550.0,20306.0,215607.0,213233.0,,,
2007.0,57.0,87.0,20888.0,20502.0,247581.0,243004.0,,,
2008.0,31.0,97.0,24963.0,24393.0,263559.0,257772.0,,,
2009.0,8.0,88.0,20731.0,19092.0,240717.0,221012.0,,,
2010.0,16.0,102.0,20643.0,20287.0,207932.0,204710.0,,,
2011.0,26.0,97.0,21823.0,21254.0,227353.0,222478.0,,,
2012.0,42.0,93.0,22590.0,21994.0,252194.0,245355.0,,,
2013.0,36.0,99.0,25487.0,24916.0,266145.0,260282.0,,,
2014.0,37.0,89.0,26865.0,26574.0,309240.0,305476.0,,,
,,,,,,,,,
"Heimar, Reykjavík",,,,,,,,,
,,,,,,,,,
1990.0,36.0,105.0,6304.0,5710.0,62353.0,56065.0,,,
1991.0,69.0,101.0,7033.0,6141.0,71134.0,61873.0,,,
1992.0,49.0,95.0,6921.0,6195.0,75784.0,67880.0,,,
1993.0,42.0,98.0,7099.0,6530.0,74448.0,68366.0,,,
1994.0,58.0,94.0,6973.0,6628.0,76632.0,73023.0,,,
1995.0,61.0,101.0,7277.0,6757.0,74757.0,69761.0,,,
1996.0,89.0,99.0,7180.0,6672.0,74517.0,69345.0,,,
1997.0,76.0,99.0,7285.0,6839.0,75335.0,70792.0,,,
1998.0,109.0,97.0,7312.0,7145.0,77989.0,76311.0,,,
1999.0,98.0,95.0,8171.0,8125.0,89184.0,88713.0,,,
2000.0,80.0,94.0,9767.0,9194.0,106205.0,99881.0,,,
2001.0,81.0,99.0,11050.0,10219.0,116057.0,107392.0,,,
2002.0,82.0,103.0,11874.0,11024.0,119779.0,111194.0,,,
2003.0,85.0,104.0,13122.0,12928.0,129434.0,127630.0,,,
2004.0,86.0,103.0,14355.0,14287.0,143486.0,142876.0,,,
2005.0,80.0,98.0,18133.0,17991.0,189362.0,188011.0,,,
2006.0,58.0,91.0,18990.0,18752.0,214334.0,211721.0,,,
2007.0,93.0,105.0,24327.0,23896.0,235297.0,231259.0,,,
2008.0,26.0,88.0,21896.0,21317.0,254021.0,248550.0,,,
2009.0,15.0,102.0,24380.0,22666.0,245642.0,229666.0,,,
2010.0,34.0,101.0,20753.0,20216.0,208433.0,202806.0,,,
2011.0,62.0,100.0,21361.0,20907.0,218102.0,213016.0,,,
2012.0,48.0,101.0,23934.0,23705.0,240608.0,237954.0,,,
2013.0,74.0,105.0,26163.0,25665.0,255989.0,251246.0,,,
2014.0,70.0,106.0,29774.0,29466.0,291121.0,288412.0,,,
,,,,,,,,,
Breiðholt án Seljahverfis,,,,,,,,,
,,,,,,,,,
1994.0,83.0,82.0,6004.0,5613.0,76856.0,72246.0,,,
1995.0,135.0,83.0,5880.0,5418.0,73203.0,67594.0,,,
1996.0,122.0,84.0,5957.0,5490.0,73073.0,67311.0,,,
1997.0,130.0,86.0,5898.0,5490.0,72106.0,67063.0,,,
1998.0,183.0,83.0,5823.0,5685.0,73421.0,71714.0,,,
1999.0,236.0,90.0,6847.0,6832.0,79831.0,79684.0,,,
2000.0,145.0,89.0,8684.0,8146.0,101833.0,95654.0,,,
2001.0,134.0,89.0,9436.0,8724.0,110230.0,102147.0,,,
2002.0,138.0,93.0,10017.0,9253.0,111821.0,103424.0,,,
2003.0,168.0,90.0,10167.0,10014.0,118254.0,116529.0,,,
2004.0,180.0,92.0,11593.0,11532.0,132000.0,131284.0,,,
2005.0,145.0,88.0,14488.0,14431.0,169946.0,169349.0,,,
2006.0,112.0,87.0,15919.0,15776.0,190187.0,188547.0,,,
2007.0,158.0,88.0,18249.0,17950.0,215086.0,211836.0,,,
2008.0,36.0,90.0,19626.0,18934.0,227333.0,219559.0,,,
2009.0,26.0,96.0,19743.0,18994.0,207311.0,199276.0,,,
2010.0,29.0,92.0,17639.0,17179.0,196079.0,191697.0,,,
2011.0,63.0,91.0,16890.0,16376.0,193376.0,187513.0,,,
2012.0,80.0,92.0,17970.0,17533.0,203286.0,198514.0,,,
2013.0,92.0,100.0,19471.0,19075.0,208747.0,204112.0,,,
2014.0,93.0,93.0,21589.0,21273.0,242402.0,239057.0,,,
,,,,,,,,,
"Sel, Reykjavík",,,,,,,,,
,,,,,,,,,
1990.0,109.0,105.0,6095.0,5413.0,60168.0,53226.0,,,
1991.0,95.0,111.0,6783.0,5824.0,63294.0,54315.0,,,
1992.0,57.0,107.0,7043.0,6189.0,68697.0,60255.0,,,
1993.0,72.0,113.0,7096.0,6410.0,64957.0,58586.0,,,
1994.0,90.0,111.0,7031.0,6609.0,67315.0,63378.0,,,
1995.0,86.0,118.0,6802.0,6193.0,65305.0,59483.0,,,
1996.0,82.0,115.0,6998.0,6475.0,63178.0,58443.0,,,
1997.0,106.0,110.0,6657.0,6234.0,63149.0,59182.0,,,
1998.0,127.0,115.0,7093.0,6892.0,64701.0,62934.0,,,
1999.0,196.0,115.0,7775.0,7727.0,71162.0,70763.0,,,
2000.0,109.0,109.0,9626.0,9033.0,92797.0,87112.0,,,
2001.0,121.0,114.0,10891.0,10109.0,100179.0,92825.0,,,
2002.0,136.0,110.0,11188.0,10320.0,106912.0,98685.0,,,
2003.0,145.0,104.0,11482.0,11286.0,115057.0,113056.0,,,
2004.0,193.0,111.0,13484.0,13386.0,126495.0,125769.0,,,
2005.0,183.0,110.0,17802.0,17657.0,165655.0,164495.0,,,
2006.0,124.0,105.0,18308.0,18081.0,181088.0,179060.0,,,
2007.0,133.0,108.0,20848.0,20336.0,200080.0,194826.0,,,
2008.0,47.0,103.0,21135.0,20214.0,211321.0,202664.0,,,
2009.0,25.0,129.0,24235.0,22926.0,193742.0,183035.0,,,
2010.0,26.0,102.0,19413.0,18495.0,194538.0,185011.0,,,
2011.0,42.0,111.0,19166.0,18704.0,181584.0,177182.0,,,
2012.0,73.0,110.0,20488.0,19641.0,191970.0,184281.0,,,
2013.0,84.0,110.0,22319.0,21895.0,212863.0,208996.0,,,
2014.0,88.0,109.0,24461.0,24034.0,232417.0,228409.0,,,
,,,,,,,,,
"Hraunbær, Reykjavík",,,,,,,,,
,,,,,,,,,
1990.0,95.0,83.0,5304.0,4650.0,65672.0,57466.0,,,
1991.0,89.0,78.0,5655.0,4878.0,74213.0,64144.0,,,
1992.0,64.0,82.0,6173.0,5406.0,77119.0,67361.0,,,
1993.0,56.0,81.0,6317.0,5716.0,80133.0,72453.0,,,
1994.0,85.0,79.0,5974.0,5650.0,77462.0,73286.0,,,
1995.0,89.0,79.0,5978.0,5510.0,77512.0,71367.0,,,
1996.0,92.0,77.0,5897.0,5443.0,77861.0,72015.0,,,
1997.0,93.0,80.0,5797.0,5435.0,74553.0,70065.0,,,
1998.0,133.0,82.0,5960.0,5783.0,74527.0,72346.0,,,
1999.0,166.0,87.0,7596.0,7539.0,85808.0,85273.0,,,
2000.0,97.0,80.0,8595.0,8114.0,110162.0,104307.0,,,
2001.0,101.0,83.0,9411.0,8678.0,116068.0,106954.0,,,
2002.0,87.0,90.0,10247.0,9519.0,116893.0,108676.0,,,
2003.0,116.0,82.0,10363.0,10195.0,131000.0,128849.0,,,
2004.0,124.0,84.0,11713.0,11659.0,141742.0,141143.0,,,
2005.0,112.0,86.0,15149.0,15081.0,181152.0,180467.0,,,
2006.0,92.0,91.0,17260.0,17012.0,194852.0,191943.0,,,
2007.0,105.0,87.0,19216.0,18917.0,228985.0,225494.0,,,
2008.0,38.0,79.0,18546.0,17757.0,246780.0,237403.0,,,
2009.0,15.0,81.0,17634.0,17044.0,225588.0,218921.0,,,
2010.0,35.0,87.0,17317.0,16791.0,203123.0,196973.0,,,
2011.0,45.0,89.0,17898.0,17463.0,208048.0,203380.0,,,
2012.0,52.0,85.0,18310.0,17941.0,219772.0,214410.0,,,
2013.0,67.0,87.0,19965.0,19355.0,237283.0,230121.0,,,
2014.0,75.0,83.0,21855.0,21542.0,270112.0,266343.0,,,
,,,,,,,,,
"Hús, Reykjavík",,,,,,,,,
,,,,,,,,,
1991.0,4.0,101.0,7829.0,6328.0,80171.0,64008.0,,,
1992.0,5.0,88.0,7310.0,6094.0,84718.0,69922.0,,,
1993.0,12.0,87.0,7315.0,6452.0,88668.0,77973.0,,,
1994.0,23.0,105.0,8042.0,7498.0,80579.0,75305.0,,,
1995.0,17.0,107.0,7871.0,7149.0,80115.0,72685.0,,,
1996.0,23.0,124.0,8458.0,7750.0,74273.0,67505.0,,,
1997.0,30.0,95.0,7573.0,6932.0,85239.0,77436.0,,,
1998.0,29.0,116.0,8545.0,8221.0,78449.0,74904.0,,,
1999.0,48.0,114.0,9450.0,9348.0,86930.0,85967.0,,,
2000.0,44.0,107.0,10883.0,10279.0,105303.0,99089.0,,,
2001.0,28.0,91.0,10664.0,9782.0,121081.0,110687.0,,,
2002.0,46.0,119.0,12891.0,11874.0,112906.0,103856.0,,,
2003.0,43.0,102.0,12693.0,12407.0,128517.0,125633.0,,,
2004.0,60.0,119.0,15208.0,15117.0,133653.0,132788.0,,,
2005.0,51.0,103.0,18163.0,18063.0,183715.0,182846.0,,,
2006.0,34.0,114.0,21843.0,21463.0,197021.0,194026.0,,,
2007.0,47.0,109.0,23790.0,23127.0,223541.0,217495.0,,,
2008.0,12.0,107.0,24100.0,23209.0,234290.0,226648.0,,,
2009.0,15.0,110.0,25407.0,23492.0,244741.0,229039.0,,,
2010.0,10.0,114.0,24030.0,22391.0,211545.0,197535.0,,,
2011.0,26.0,108.0,22957.0,22339.0,215070.0,208306.0,,,
2012.0,17.0,111.0,24100.0,23515.0,228452.0,222621.0,,,
2013.0,34.0,125.0,27351.0,27101.0,227043.0,224825.0,,,
2014.0,27.0,126.0,28672.0,28135.0,244712.0,239887.0,,,
,,,,,,,,,
"Foldir, Reykjavík",,,,,,,,,
,,,,,,,,,
1990.0,7.0,119.0,8386.0,7251.0,71926.0,61954.0,,,
1991.0,11.0,83.0,7499.0,6083.0,91931.0,74579.0,,,
1992.0,15.0,91.0,7758.0,6687.0,88103.0,75942.0,,,
1993.0,37.0,98.0,8259.0,7230.0,86672.0,75565.0,,,
1994.0,58.0,109.0,8314.0,7858.0,80260.0,75492.0,,,
1995.0,58.0,103.0,7914.0,7206.0,81097.0,73738.0,,,
1996.0,62.0,103.0,7944.0,7255.0,82159.0,74882.0,,,
1997.0,46.0,106.0,8295.0,7631.0,82247.0,75295.0,,,
1998.0,72.0,97.0,7890.0,7525.0,86288.0,82119.0,,,
1999.0,73.0,105.0,9131.0,8995.0,91565.0,90104.0,,,
2000.0,63.0,101.0,10939.0,10207.0,113815.0,106096.0,,,
2001.0,56.0,95.0,11129.0,10211.0,121326.0,111138.0,,,
2002.0,58.0,101.0,12088.0,11171.0,122370.0,112932.0,,,
2003.0,64.0,102.0,12715.0,12475.0,129633.0,127149.0,,,
2004.0,79.0,100.0,14417.0,14318.0,148180.0,147198.0,,,
2005.0,54.0,103.0,18669.0,18470.0,189814.0,188132.0,,,
2006.0,49.0,103.0,21210.0,20799.0,210426.0,206515.0,,,
2007.0,58.0,100.0,23464.0,22963.0,241500.0,236517.0,,,
2008.0,19.0,115.0,28753.0,27265.0,250818.0,237606.0,,,
2009.0,14.0,132.0,28450.0,27053.0,230966.0,216627.0,,,
2010.0,19.0,110.0,21961.0,21151.0,206094.0,199779.0,,,
2011.0,35.0,109.0,23590.0,22932.0,220672.0,214342.0,,,
2012.0,31.0,96.0,22125.0,21583.0,235093.0,229609.0,,,
2013.0,28.0,106.0,25575.0,24991.0,249030.0,243853.0,,,
2014.0,46.0,104.0,27025.0,26607.0,272601.0,268734.0,,,
,,,,,,,,,
"Borgir, Reykjavík",,,,,,,,,
,,,,,,,,,
1996.0,3.0,117.0,8533.0,7965.0,73383.0,68517.0,,,
1997.0,17.0,111.0,8502.0,7926.0,77299.0,72101.0,,,
1998.0,17.0,98.0,8056.0,7824.0,82436.0,80101.0,,,
1999.0,27.0,107.0,9310.0,9226.0,89105.0,88339.0,,,
2000.0,23.0,101.0,10834.0,10144.0,107813.0,100842.0,,,
2001.0,22.0,97.0,11395.0,10318.0,117814.0,106695.0,,,
2002.0,24.0,88.0,10724.0,9835.0,122435.0,112292.0,,,
2003.0,38.0,98.0,12508.0,12334.0,129674.0,128014.0,,,
2004.0,59.0,91.0,13374.0,13279.0,148215.0,147281.0,,,
2005.0,50.0,99.0,19240.0,19114.0,195185.0,193947.0,,,
2006.0,31.0,96.0,20518.0,20330.0,215387.0,213576.0,,,
2007.0,44.0,100.0,23157.0,22534.0,234996.0,228799.0,,,
2008.0,17.0,90.0,22813.0,22059.0,255630.0,246694.0,,,
2009.0,12.0,91.0,21121.0,19866.0,232398.0,218866.0,,,
2010.0,15.0,92.0,21072.0,20033.0,229826.0,218651.0,,,
2011.0,23.0,94.0,20959.0,19992.0,224008.0,214102.0,,,
2012.0,23.0,101.0,22985.0,22353.0,230964.0,223985.0,,,
2013.0,22.0,95.0,24261.0,23584.0,255982.0,249256.0,,,
2014.0,26.0,98.0,27358.0,27055.0,284334.0,281403.0,,,
,,,,,,,,,
"Engi, Reykjavík",,,,,,,,,
,,,,,,,,,
1993.0,4.0,114.0,7763.0,7279.0,67932.0,63697.0,,,
1994.0,5.0,107.0,6900.0,6496.0,70946.0,67612.0,,,
1995.0,30.0,94.0,7207.0,6681.0,78442.0,72822.0,,,
1996.0,29.0,112.0,7971.0,7353.0,72924.0,67310.0,,,
1997.0,58.0,92.0,7332.0,6815.0,81167.0,75463.0,,,
1998.0,45.0,92.0,7434.0,7218.0,82728.0,80315.0,,,
1999.0,51.0,100.0,8735.0,8708.0,88972.0,88669.0,,,
2000.0,61.0,94.0,9784.0,9134.0,105536.0,98279.0,,,
2001.0,71.0,95.0,10810.0,9997.0,115166.0,106428.0,,,
2002.0,69.0,95.0,11120.0,10302.0,119643.0,110721.0,,,
2003.0,79.0,95.0,11378.0,11210.0,122656.0,120823.0,,,
2004.0,90.0,100.0,13832.0,13782.0,142620.0,142192.0,,,
2005.0,94.0,98.0,17769.0,17625.0,183588.0,182255.0,,,
2006.0,58.0,90.0,18248.0,17938.0,204698.0,201537.0,,,
2007.0,77.0,99.0,22564.0,22075.0,231227.0,226047.0,,,
2008.0,30.0,102.0,24197.0,23107.0,240219.0,229450.0,,,
2009.0,8.0,114.0,24488.0,22926.0,217462.0,203568.0,,,
2010.0,28.0,105.0,21431.0,20646.0,208636.0,200620.0,,,
2011.0,45.0,100.0,21447.0,20639.0,218830.0,210646.0,,,
2012.0,32.0,94.0,21163.0,20437.0,229580.0,222549.0,,,
2013.0,53.0,100.0,23552.0,23048.0,237127.0,232088.0,,,
2014.0,53.0,100.0,25784.0,25265.0,266728.0,261424.0,,,
,,,,,,,,,
"Víkur, Reykjavík",,,,,,,,,
,,,,,,,,,
1996.0,13.0,144.0,11262.0,10615.0,84294.0,78091.0,,,
1997.0,28.0,99.0,7617.0,7052.0,78009.0,72162.0,,,
1998.0,48.0,102.0,8174.0,7879.0,80949.0,78006.0,,,
1999.0,59.0,106.0,9261.0,9224.0,88429.0,88013.0,,,
2000.0,55.0,113.0,11636.0,10870.0,104654.0,97875.0,,,
2001.0,80.0,114.0,12684.0,11624.0,112939.0,103445.0,,,
2002.0,64.0,121.0,13786.0,12647.0,116891.0,107080.0,,,
2003.0,43.0,106.0,13866.0,13600.0,132596.0,130079.0,,,
2004.0,46.0,108.0,15649.0,15570.0,147435.0,146746.0,,,
2005.0,41.0,115.0,21912.0,21729.0,193747.0,192262.0,,,
2006.0,42.0,116.0,25020.0,24527.0,217638.0,213543.0,,,
2007.0,56.0,113.0,26204.0,25627.0,233219.0,228031.0,,,
2008.0,14.0,99.0,24443.0,23630.0,249390.0,240857.0,,,
2009.0,10.0,100.0,24180.0,22285.0,246017.0,226652.0,,,
2010.0,21.0,108.0,23751.0,22613.0,221871.0,211450.0,,,
2011.0,18.0,118.0,24564.0,23696.0,210976.0,203600.0,,,
2012.0,34.0,116.0,26021.0,25282.0,226943.0,220713.0,,,
2013.0,29.0,111.0,26485.0,25827.0,243068.0,236524.0,,,
2014.0,29.0,118.0,30466.0,30227.0,264657.0,262704.0,,,
,,,,,,,,,
"Rimar, Reykjavík",,,,,,,,,
,,,,,,,,,
1993.0,8.0,88.0,6948.0,6292.0,81436.0,73595.0,,,
1994.0,63.0,99.0,7258.0,6977.0,74451.0,71375.0,,,
1995.0,76.0,101.0,7375.0,6819.0,75072.0,69469.0,,,
1996.0,70.0,100.0,7271.0,6750.0,75484.0,70077.0,,,
1997.0,65.0,97.0,7150.0,6719.0,76697.0,71948.0,,,
1998.0,105.0,96.0,7254.0,7133.0,78319.0,77007.0,,,
1999.0,169.0,100.0,8508.0,8482.0,87070.0,86817.0,,,
2000.0,104.0,102.0,10014.0,9458.0,101216.0,95618.0,,,
2001.0,107.0,100.0,10891.0,10115.0,111601.0,103635.0,,,
2002.0,119.0,101.0,11536.0,10691.0,117036.0,108332.0,,,
2003.0,164.0,94.0,11678.0,11512.0,126979.0,125143.0,,,
2004.0,160.0,95.0,13282.0,13236.0,142800.0,142332.0,,,
2005.0,257.0,104.0,19609.0,19285.0,190766.0,187868.0,,,
2006.0,126.0,97.0,19890.0,19589.0,208169.0,205301.0,,,
2007.0,180.0,98.0,22595.0,21972.0,234447.0,228025.0,,,
2008.0,51.0,99.0,23487.0,22279.0,240310.0,229317.0,,,
2009.0,20.0,97.0,22492.0,21193.0,233497.0,220471.0,,,
2010.0,41.0,100.0,20315.0,19669.0,207741.0,200595.0,,,
2011.0,64.0,92.0,20136.0,19462.0,222941.0,215720.0,,,
2012.0,71.0,95.0,21968.0,21304.0,233530.0,226380.0,,,
2013.0,95.0,99.0,24145.0,23585.0,248756.0,242756.0,,,
2014.0,69.0,94.0,25601.0,25090.0,278553.0,273649.0,,,
,,,,,,,,,
"Grafarholt, Reykjavík",,,,,,,,,
,,,,,,,,,
2001.0,43.0,118.0,14203.0,13013.0,122808.0,112378.0,,,
2002.0,55.0,125.0,15025.0,13860.0,121668.0,112142.0,,,
2003.0,235.0,124.0,15719.0,15484.0,127743.0,125822.0,,,
2004.0,495.0,116.0,16478.0,16352.0,144526.0,143391.0,,,
2005.0,189.0,115.0,20648.0,20482.0,182288.0,180895.0,,,
2006.0,119.0,110.0,24302.0,23871.0,224645.0,220597.0,,,
2007.0,183.0,109.0,26703.0,25885.0,246999.0,239304.0,,,
2008.0,52.0,108.0,26902.0,25598.0,254237.0,242064.0,,,
2009.0,23.0,120.0,26211.0,24525.0,220364.0,205657.0,,,
2010.0,41.0,109.0,23294.0,22160.0,218505.0,207780.0,,,
2011.0,90.0,107.0,24287.0,23408.0,230496.0,221825.0,,,
2012.0,72.0,110.0,26434.0,25660.0,243654.0,236527.0,,,
2013.0,78.0,113.0,28643.0,27908.0,256831.0,250067.0,,,
2014.0,108.0,110.0,29963.0,29316.0,276898.0,270219.0,,,
,,,,,,,,,
"Lindir, Kópavogur",,,,,,,,,
,,,,,,,,,
1995.0,9.0,119.0,7870.0,7304.0,68499.0,63509.0,,,
1996.0,12.0,96.0,8004.0,7409.0,84319.0,78171.0,,,
1997.0,54.0,103.0,8393.0,7779.0,82789.0,76751.0,,,
1998.0,43.0,118.0,9320.0,8996.0,80742.0,78057.0,,,
1999.0,107.0,111.0,10269.0,10175.0,94298.0,93450.0,,,
2000.0,89.0,105.0,12322.0,11632.0,119350.0,112498.0,,,
2001.0,67.0,110.0,13804.0,12797.0,128161.0,118805.0,,,
2002.0,69.0,107.0,14159.0,13176.0,135076.0,125623.0,,,
2003.0,66.0,110.0,15157.0,14908.0,140621.0,138350.0,,,
2004.0,82.0,112.0,17637.0,17502.0,160810.0,159761.0,,,
2005.0,78.0,110.0,23584.0,23350.0,216121.0,214135.0,,,
2006.0,57.0,113.0,25930.0,25345.0,232887.0,227922.0,,,
2007.0,87.0,113.0,27856.0,27044.0,250766.0,243770.0,,,
2008.0,27.0,108.0,27759.0,26836.0,260975.0,252768.0,,,
2009.0,17.0,116.0,26488.0,24754.0,231664.0,216829.0,,,
2010.0,48.0,115.0,24388.0,23631.0,214440.0,208028.0,,,
2011.0,35.0,116.0,25722.0,25243.0,224609.0,220877.0,,,
2012.0,43.0,114.0,28316.0,27564.0,252368.0,245834.0,,,
2013.0,48.0,113.0,30442.0,29786.0,271388.0,265208.0,,,
2014.0,48.0,114.0,32302.0,31887.0,290504.0,287141.0,,,
,,,,,,,,,
"Smárar, Kópavogur",,,,,,,,,
,,,,,,,,,
1994.0,14.0,97.0,7791.0,7352.0,82158.0,77593.0,,,
1995.0,28.0,96.0,8168.0,7616.0,86417.0,80219.0,,,
1996.0,85.0,98.0,7939.0,7342.0,85205.0,78698.0,,,
1997.0,118.0,95.0,7916.0,7396.0,86675.0,81055.0,,,
1998.0,82.0,103.0,8500.0,8226.0,86382.0,83550.0,,,
1999.0,79.0,101.0,9982.0,9863.0,102396.0,101106.0,,,
2000.0,98.0,108.0,11758.0,11055.0,118702.0,111838.0,,,
2001.0,66.0,96.0,12548.0,11678.0,133041.0,123881.0,,,
2002.0,119.0,103.0,13605.0,12672.0,135575.0,126286.0,,,
2003.0,121.0,97.0,13733.0,13535.0,145299.0,143282.0,,,
2004.0,122.0,98.0,15306.0,15173.0,158754.0,157424.0,,,
2005.0,97.0,94.0,20102.0,19939.0,217129.0,215547.0,,,
2006.0,86.0,96.0,22520.0,22214.0,236997.0,233877.0,,,
2007.0,98.0,96.0,24080.0,23610.0,256856.0,251849.0,,,
2008.0,40.0,97.0,25514.0,24511.0,268970.0,258523.0,,,
2009.0,24.0,92.0,22436.0,21973.0,248378.0,243979.0,,,
2010.0,21.0,91.0,20876.0,20212.0,236329.0,228808.0,,,
2011.0,58.0,105.0,23794.0,23135.0,237743.0,231658.0,,,
2012.0,57.0,99.0,25239.0,24931.0,258964.0,255952.0,,,
2013.0,71.0,102.0,27456.0,27040.0,271265.0,267033.0,,,
2014.0,79.0,105.0,30242.0,29921.0,296502.0,293328.0,,,
,,,,,,,,,
"Salir, Kópavogur",,,,,,,,,
,,,,,,,,,
1999.0,30.0,114.0,9890.0,9800.0,87611.0,86886.0,,,
2000.0,74.0,118.0,11833.0,11042.0,102634.0,95583.0,,,
2001.0,126.0,118.0,14360.0,13112.0,123272.0,112450.0,,,
2002.0,233.0,123.0,15378.0,14125.0,126730.0,116276.0,,,
2003.0,212.0,120.0,15738.0,15419.0,132197.0,129589.0,,,
2004.0,193.0,117.0,16936.0,16750.0,145113.0,143508.0,,,
2005.0,116.0,117.0,21868.0,21652.0,188063.0,186304.0,,,
2006.0,74.0,113.0,26006.0,25562.0,231353.0,227458.0,,,
2007.0,110.0,112.0,27991.0,27193.0,252243.0,245387.0,,,
2008.0,36.0,107.0,27325.0,26237.0,257675.0,247564.0,,,
2009.0,50.0,113.0,26269.0,25078.0,234015.0,223672.0,,,
2010.0,39.0,114.0,24933.0,23884.0,222940.0,213781.0,,,
2011.0,61.0,113.0,26894.0,26137.0,240737.0,233942.0,,,
2012.0,75.0,105.0,27062.0,26421.0,261568.0,255617.0,,,
2013.0,109.0,113.0,31749.0,30937.0,283120.0,276101.0,,,
2014.0,99.0,110.0,33940.0,33343.0,309569.0,304098.0,,,
,,,,,,,,,
"Vatnsendahæð (Kórar,Hvörf,Þing), Kópavogur",,,,,,,,,
,,,,,,,,,
2003.0,6.0,119.0,17442.0,17154.0,146311.0,143895.0,,,
2004.0,75.0,124.0,18023.0,17740.0,146452.0,144232.0,,,
2005.0,298.0,124.0,22739.0,22260.0,183097.0,179263.0,,,
2006.0,197.0,118.0,26624.0,26018.0,225704.0,220821.0,,,
2007.0,460.0,118.0,28366.0,27709.0,241807.0,236274.0,,,
2008.0,124.0,127.0,31617.0,30577.0,249278.0,241029.0,,,
2009.0,64.0,126.0,29041.0,27475.0,233120.0,220320.0,,,
2010.0,83.0,123.0,26186.0,25267.0,218680.0,210556.0,,,
2011.0,152.0,121.0,27913.0,27164.0,233750.0,227196.0,,,
2012.0,145.0,120.0,29642.0,28962.0,250842.0,244891.0,,,
2013.0,197.0,108.0,29370.0,28723.0,275238.0,269521.0,,,
2014.0,214.0,122.0,34448.0,33884.0,287226.0,282412.0,,,
,,,,,,,,,
"Norðan Kópavogslækjar (Ekki Lindir, Smárar, Salir, Vatnsendahæð, Lundur), Kópavogur",,,,,,,,,
,,,,,,,,,
1990.0,314.0,90.0,5905.0,5261.0,67666.0,60069.0,,,
1991.0,313.0,90.0,6461.0,5599.0,74215.0,64195.0,,,
1992.0,187.0,88.0,6784.0,6078.0,79367.0,70886.0,,,
1993.0,188.0,87.0,6650.0,5955.0,78531.0,70215.0,,,
1994.0,276.0,94.0,6916.0,6508.0,75703.0,71314.0,,,
1995.0,314.0,93.0,6832.0,6261.0,76653.0,70386.0,,,
1996.0,346.0,94.0,6834.0,6299.0,76104.0,70180.0,,,
1997.0,368.0,94.0,6855.0,6346.0,76080.0,70440.0,,,
1998.0,491.0,93.0,6892.0,6678.0,77367.0,74991.0,,,
1999.0,548.0,92.0,7779.0,7732.0,87304.0,86803.0,,,
2000.0,337.0,96.0,10146.0,9546.0,110161.0,103460.0,,,
2001.0,377.0,97.0,10841.0,10031.0,116974.0,108111.0,,,
2002.0,356.0,94.0,11247.0,10454.0,125203.0,116338.0,,,
2003.0,396.0,97.0,12326.0,12109.0,131749.0,129472.0,,,
2004.0,491.0,97.0,13604.0,13521.0,145549.0,144846.0,,,
2005.0,397.0,92.0,16986.0,16883.0,190320.0,189243.0,,,
2006.0,317.0,94.0,19403.0,19101.0,211777.0,208659.0,,,
2007.0,413.0,95.0,22027.0,21485.0,239003.0,233689.0,,,
2008.0,137.0,99.0,23850.0,23000.0,244442.0,236198.0,,,
2009.0,101.0,106.0,22449.0,21294.0,218860.0,207638.0,,,
2010.0,138.0,98.0,20937.0,20154.0,220807.0,212609.0,,,
2011.0,215.0,104.0,21773.0,21339.0,215665.0,210909.0,,,
2012.0,247.0,97.0,22732.0,22236.0,241320.0,236383.0,,,
2013.0,269.0,98.0,24724.0,24244.0,261586.0,256614.0,,,
2014.0,323.0,99.0,28099.0,27640.0,290329.0,285784.0,,,
,,,,,,,,,
"Sjáland, Garðabær",,,,,,,,,
,,,,,,,,,
2004.0,106.0,125.0,20333.0,19905.0,162651.0,159357.0,,,
2005.0,80.0,132.0,26685.0,26228.0,203367.0,199950.0,,,
2006.0,62.0,127.0,34827.0,33429.0,273324.0,262546.0,,,
2007.0,150.0,115.0,34825.0,33541.0,306186.0,294615.0,,,
2008.0,53.0,115.0,34986.0,33743.0,305822.0,294972.0,,,
2009.0,27.0,125.0,35433.0,33893.0,278142.0,265741.0,,,
2010.0,58.0,118.0,29736.0,29341.0,254018.0,250285.0,,,
2011.0,79.0,119.0,31651.0,31330.0,266174.0,263172.0,,,
2012.0,60.0,110.0,31403.0,30942.0,286640.0,282750.0,,,
2013.0,65.0,116.0,37626.0,37027.0,323191.0,317950.0,,,
2014.0,59.0,118.0,41517.0,41023.0,349985.0,346093.0,,,
,,,,,,,,,
"Akrar, Garðabær",,,,,,,,,
,,,,,,,,,
2006.0,5.0,140.0,41558.0,40339.0,299569.0,291800.0,,,
2007.0,89.0,121.0,31414.0,30654.0,261953.0,256042.0,,,
2008.0,23.0,126.0,36096.0,34666.0,284921.0,273865.0,,,
2009.0,37.0,131.0,29108.0,28486.0,221459.0,216999.0,,,
2010.0,45.0,115.0,25990.0,25555.0,225677.0,222218.0,,,
2011.0,39.0,129.0,30886.0,30573.0,239341.0,236800.0,,,
2012.0,19.0,126.0,33658.0,33410.0,268256.0,266408.0,,,
2013.0,39.0,124.0,36795.0,36391.0,304755.0,301651.0,,,
2014.0,32.0,120.0,38196.0,37754.0,321143.0,317890.0,,,
,,,,,,,,,
"Garðabær, (Ekki Akrar og Sjáland)",,,,,,,,,
,,,,,,,,,
1990.0,33.0,93.0,7065.0,6261.0,77807.0,68935.0,,,
1991.0,39.0,99.0,7735.0,6515.0,81859.0,68665.0,,,
1992.0,34.0,103.0,7751.0,6895.0,77849.0,69086.0,,,
1993.0,48.0,103.0,7914.0,7136.0,79595.0,71603.0,,,
1994.0,71.0,102.0,7835.0,7351.0,79416.0,74535.0,,,
1995.0,54.0,114.0,8265.0,7629.0,76662.0,70850.0,,,
1996.0,71.0,109.0,8069.0,7485.0,77696.0,72042.0,,,
1997.0,69.0,102.0,7998.0,7403.0,81822.0,75676.0,,,
1998.0,67.0,115.0,8817.0,8573.0,80682.0,78376.0,,,
1999.0,85.0,123.0,10390.0,10298.0,91093.0,89993.0,,,
2000.0,126.0,103.0,11703.0,10933.0,115366.0,107569.0,,,
2001.0,110.0,108.0,13015.0,12002.0,123978.0,114261.0,,,
2002.0,87.0,120.0,14529.0,13631.0,125058.0,116929.0,,,
2003.0,130.0,103.0,13546.0,13302.0,135502.0,133182.0,,,
2004.0,138.0,108.0,15898.0,15776.0,150813.0,149797.0,,,
2005.0,93.0,99.0,19642.0,19505.0,203352.0,202081.0,,,
2006.0,88.0,110.0,24702.0,24124.0,227321.0,222176.0,,,
2007.0,130.0,108.0,26070.0,25443.0,243007.0,237378.0,,,
2008.0,36.0,118.0,30016.0,28661.0,254495.0,243064.0,,,
2009.0,30.0,111.0,25877.0,24373.0,239463.0,225852.0,,,
2010.0,24.0,107.0,24126.0,23729.0,227796.0,224713.0,,,
2011.0,53.0,110.0,23818.0,23262.0,222534.0,217676.0,,,
2012.0,85.0,110.0,25364.0,24591.0,237447.0,230242.0,,,
2013.0,74.0,113.0,31962.0,31346.0,281744.0,276640.0,,,
2014.0,89.0,112.0,34648.0,34124.0,314972.0,310652.0,,,
,,,,,,,,,
"Vangur, Hafnarfjörður",,,,,,,,,
,,,,,,,,,
1990.0,59.0,101.0,6420.0,5692.0,65471.0,58058.0,,,
1991.0,44.0,105.0,7478.0,6428.0,73551.0,63244.0,,,
1992.0,37.0,103.0,7759.0,7042.0,77616.0,70158.0,,,
1993.0,32.0,107.0,7886.0,7141.0,75907.0,68456.0,,,
1994.0,54.0,105.0,7467.0,6993.0,75477.0,70795.0,,,
1995.0,51.0,100.0,7219.0,6601.0,74016.0,67665.0,,,
1996.0,62.0,107.0,7474.0,6897.0,72168.0,66639.0,,,
1997.0,52.0,105.0,7317.0,6771.0,72265.0,66955.0,,,
1998.0,102.0,110.0,7696.0,7446.0,72961.0,70574.0,,,
1999.0,74.0,99.0,7865.0,7797.0,82794.0,82042.0,,,
2000.0,66.0,100.0,9868.0,9272.0,102146.0,96027.0,,,
2001.0,50.0,106.0,10875.0,10025.0,107891.0,99487.0,,,
2002.0,69.0,107.0,11431.0,10545.0,111045.0,102447.0,,,
2003.0,65.0,111.0,12292.0,12112.0,114845.0,113122.0,,,
2004.0,72.0,111.0,13606.0,13548.0,127547.0,127041.0,,,
2005.0,65.0,105.0,17108.0,17056.0,168559.0,168081.0,,,
2006.0,55.0,114.0,19761.0,19522.0,176703.0,174729.0,,,
2007.0,68.0,109.0,20881.0,20447.0,197869.0,193491.0,,,
2008.0,25.0,101.0,20968.0,20335.0,219377.0,213268.0,,,
2009.0,9.0,100.0,20324.0,18829.0,210399.0,196537.0,,,
2010.0,16.0,105.0,19653.0,18917.0,188484.0,181997.0,,,
2011.0,23.0,113.0,20798.0,20370.0,189882.0,185431.0,,,
2012.0,41.0,115.0,22021.0,21407.0,196273.0,190572.0,,,
2013.0,40.0,124.0,23619.0,22972.0,198244.0,192739.0,,,
2014.0,37.0,120.0,26750.0,26173.0,234899.0,229624.0,,,
,,,,,,,,,
"Álfaskeið, Hafnarfjörður",,,,,,,,,
,,,,,,,,,
1994.0,5.0,87.0,6100.0,5727.0,72868.0,69023.0,,,
1995.0,26.0,100.0,6763.0,6245.0,71108.0,65694.0,,,
1996.0,28.0,89.0,6113.0,5632.0,73100.0,67478.0,,,
1997.0,26.0,93.0,6064.0,5620.0,69403.0,64556.0,,,
1998.0,29.0,100.0,6735.0,6465.0,69952.0,67109.0,,,
1999.0,37.0,94.0,7132.0,7096.0,80408.0,80140.0,,,
2000.0,31.0,101.0,9480.0,8892.0,97366.0,91410.0,,,
2001.0,21.0,98.0,10017.0,9306.0,108287.0,100452.0,,,
2002.0,35.0,109.0,10750.0,9933.0,103686.0,95824.0,,,
2003.0,23.0,97.0,10740.0,10573.0,116712.0,114956.0,,,
2004.0,38.0,113.0,13099.0,13075.0,120803.0,120485.0,,,
2005.0,37.0,99.0,15369.0,15305.0,161051.0,160453.0,,,
2006.0,34.0,93.0,16647.0,16281.0,183250.0,179647.0,,,
2007.0,37.0,105.0,20091.0,19466.0,198223.0,192501.0,,,
2008.0,11.0,91.0,19151.0,18197.0,217540.0,206919.0,,,
2009.0,3.0,70.0,19400.0,19398.0,276278.0,276249.0,,,
2010.0,8.0,109.0,17328.0,16794.0,160592.0,156421.0,,,
2011.0,18.0,112.0,20622.0,20051.0,195551.0,189524.0,,,
2012.0,11.0,98.0,18192.0,17275.0,188462.0,180475.0,,,
2013.0,18.0,103.0,20557.0,20113.0,204959.0,201462.0,,,
2014.0,28.0,113.0,23841.0,23524.0,217542.0,214937.0,,,
,,,,,,,,,
"Hraun, Hafnarfjörður",,,,,,,,,
,,,,,,,,,
1990.0,23.0,99.0,6170.0,5483.0,64773.0,56885.0,,,
1991.0,24.0,94.0,6510.0,5664.0,71739.0,62193.0,,,
1992.0,15.0,88.0,6898.0,6175.0,81997.0,73500.0,,,
1993.0,19.0,82.0,6245.0,5754.0,77780.0,71515.0,,,
1994.0,20.0,94.0,6634.0,6228.0,76405.0,71796.0,,,
1995.0,25.0,96.0,6590.0,6020.0,74074.0,67717.0,,,
1996.0,27.0,88.0,6208.0,5774.0,76635.0,71217.0,,,
1997.0,39.0,94.0,6486.0,6006.0,74588.0,69260.0,,,
1998.0,33.0,92.0,6589.0,6382.0,75805.0,73479.0,,,
1999.0,37.0,91.0,7532.0,7473.0,87926.0,87316.0,,,
2000.0,37.0,102.0,9880.0,9194.0,104048.0,96666.0,,,
2001.0,29.0,108.0,11059.0,10192.0,107756.0,98913.0,,,
2002.0,39.0,96.0,10562.0,9831.0,116382.0,108414.0,,,
2003.0,35.0,99.0,11251.0,11053.0,119630.0,117567.0,,,
2004.0,37.0,100.0,12285.0,12232.0,130402.0,130037.0,,,
2005.0,44.0,92.0,14785.0,14704.0,169091.0,168167.0,,,
2006.0,27.0,96.0,17939.0,17646.0,190795.0,187593.0,,,
2007.0,56.0,95.0,21497.0,20827.0,235372.0,227793.0,,,
2008.0,20.0,87.0,22356.0,21716.0,260096.0,252720.0,,,
2009.0,6.0,106.0,20583.0,19030.0,197840.0,182510.0,,,
2010.0,11.0,116.0,21565.0,21133.0,189669.0,184989.0,,,
2011.0,20.0,117.0,21414.0,20657.0,189483.0,182718.0,,,
2012.0,12.0,90.0,18228.0,17531.0,205198.0,196392.0,,,
2013.0,18.0,114.0,21730.0,21155.0,206996.0,201633.0,,,
2014.0,15.0,88.0,20133.0,19728.0,237389.0,231829.0,,,
,,,,,,,,,
"Ás, Hafnarfjörður",,,,,,,,,
,,,,,,,,,
2000.0,53.0,128.0,14077.0,13065.0,114528.0,104562.0,,,
2001.0,90.0,111.0,12727.0,11500.0,115634.0,104301.0,,,
2002.0,108.0,104.0,13239.0,12056.0,128541.0,117015.0,,,
2003.0,74.0,103.0,14252.0,13934.0,140093.0,136999.0,,,
2004.0,53.0,109.0,16630.0,16598.0,155617.0,155433.0,,,
2005.0,65.0,100.0,20048.0,19925.0,201288.0,200170.0,,,
2006.0,42.0,96.0,21088.0,20752.0,220870.0,217353.0,,,
2007.0,75.0,102.0,23787.0,23024.0,233595.0,226469.0,,,
2008.0,31.0,97.0,25410.0,24037.0,260844.0,247907.0,,,
2009.0,10.0,111.0,28350.0,25967.0,255316.0,233540.0,,,
2010.0,18.0,99.0,22576.0,21690.0,229349.0,220379.0,,,
2011.0,41.0,104.0,24591.0,23927.0,236820.0,230469.0,,,
2012.0,72.0,105.0,26010.0,25579.0,247669.0,243333.0,,,
2013.0,35.0,104.0,25531.0,25102.0,248504.0,244559.0,,,
2014.0,69.0,99.0,28188.0,27774.0,286612.0,282583.0,,,
,,,,,,,,,
"Berg, Hafnarfjörður",,,,,,,,,
,,,,,,,,,
1994.0,7.0,107.0,8493.0,8033.0,84003.0,79840.0,,,
1995.0,9.0,128.0,8597.0,7875.0,73012.0,66381.0,,,
1996.0,19.0,106.0,8112.0,7512.0,83073.0,77195.0,,,
1997.0,19.0,94.0,7805.0,7380.0,87453.0,82976.0,,,
1998.0,30.0,111.0,8797.0,8572.0,82687.0,80469.0,,,
1999.0,48.0,129.0,10649.0,10521.0,85989.0,85141.0,,,
2000.0,30.0,96.0,10630.0,10071.0,115391.0,109307.0,,,
2001.0,32.0,93.0,11282.0,10513.0,127036.0,117990.0,,,
2002.0,34.0,113.0,13214.0,12282.0,120552.0,111950.0,,,
2003.0,31.0,96.0,13017.0,12810.0,140754.0,138601.0,,,
2004.0,38.0,104.0,14599.0,14570.0,149868.0,149329.0,,,
2005.0,30.0,103.0,20205.0,20054.0,202684.0,201430.0,,,
2006.0,26.0,99.0,20783.0,20247.0,216168.0,210770.0,,,
2007.0,44.0,113.0,26673.0,25686.0,242143.0,233847.0,,,
2008.0,5.0,125.0,29580.0,28665.0,242960.0,236354.0,,,
2009.0,3.0,96.0,20600.0,19944.0,221188.0,214283.0,,,
2010.0,13.0,107.0,22069.0,21208.0,209791.0,200897.0,,,
2011.0,23.0,113.0,23503.0,22835.0,218730.0,211756.0,,,
2012.0,16.0,98.0,22861.0,22352.0,238648.0,233652.0,,,
2013.0,15.0,94.0,24188.0,23377.0,263383.0,255711.0,,,
2014.0,29.0,105.0,27346.0,26936.0,267287.0,263236.0,,,
,,,,,,,,,
"Vellir, Hafnarfjörður",,,,,,,,,
,,,,,,,,,
2003.0,53.0,99.0,13463.0,13287.0,137809.0,136166.0,,,
2004.0,256.0,106.0,14877.0,14630.0,142514.0,140181.0,,,
2005.0,209.0,101.0,18961.0,18436.0,189503.0,184369.0,,,
2006.0,202.0,107.0,21703.0,21329.0,203183.0,199729.0,,,
2007.0,248.0,111.0,24170.0,23608.0,220480.0,215403.0,,,
2008.0,65.0,102.0,24037.0,23137.0,238613.0,230095.0,,,
2009.0,43.0,107.0,24795.0,23491.0,233222.0,221698.0,,,
2010.0,44.0,104.0,22065.0,21386.0,214432.0,207686.0,,,
2011.0,66.0,105.0,22515.0,21809.0,218346.0,211432.0,,,
2012.0,72.0,105.0,24153.0,23308.0,232448.0,224128.0,,,
2013.0,103.0,102.0,23867.0,23361.0,237445.0,232609.0,,,
2014.0,115.0,98.0,25477.0,25054.0,264304.0,259959.0,,,
,,,,,,,,,
Seltjarnarnes,,,,,,,,,
,,,,,,,,,
1990.0,40.0,94.0,6826.0,6067.0,74877.0,66218.0,,,
1991.0,57.0,92.0,7208.0,6289.0,81129.0,70712.0,,,
1992.0,42.0,94.0,7465.0,6709.0,80482.0,72451.0,,,
1993.0,32.0,84.0,6964.0,6362.0,84879.0,77729.0,,,
1994.0,74.0,112.0,8572.0,8095.0,81025.0,76661.0,,,
1995.0,94.0,98.0,7607.0,7028.0,81331.0,75231.0,,,
1996.0,62.0,108.0,7688.0,7211.0,73630.0,68904.0,,,
1997.0,81.0,105.0,7691.0,7161.0,76780.0,71489.0,,,
1998.0,75.0,98.0,8103.0,7847.0,86327.0,83623.0,,,
1999.0,80.0,96.0,8536.0,8482.0,92089.0,91568.0,,,
2000.0,67.0,106.0,11207.0,10609.0,108778.0,102906.0,,,
2001.0,58.0,101.0,11960.0,11115.0,121556.0,113055.0,,,
2002.0,71.0,105.0,12345.0,11440.0,120621.0,111904.0,,,
2003.0,66.0,102.0,13435.0,13257.0,135555.0,134156.0,,,
2004.0,96.0,109.0,15365.0,15187.0,145298.0,143780.0,,,
2005.0,76.0,98.0,19081.0,18906.0,195845.0,194168.0,,,
2006.0,58.0,109.0,25923.0,25378.0,241772.0,237396.0,,,
2007.0,76.0,108.0,27542.0,26733.0,262239.0,255000.0,,,
2008.0,31.0,102.0,28673.0,27708.0,278846.0,268215.0,,,
2009.0,16.0,104.0,24279.0,23014.0,235616.0,224678.0,,,
2010.0,25.0,106.0,24230.0,23755.0,240248.0,235099.0,,,
2011.0,60.0,108.0,29158.0,28641.0,267307.0,262783.0,,,
2012.0,60.0,114.0,30801.0,30379.0,273080.0,269193.0,,,
2013.0,71.0,107.0,31881.0,31408.0,305958.0,301046.0,,,
2014.0,74.0,115.0,40558.0,39875.0,352005.0,346773.0,,,
,,,,,,,,,
Mosfellsbær,,,,,,,,,
,,,,,,,,,
1990.0,14.0,127.0,6986.0,6069.0,56358.0,48600.0,,,
1991.0,13.0,115.0,7023.0,6134.0,64069.0,55987.0,,,
1992.0,10.0,105.0,7175.0,6505.0,69859.0,63427.0,,,
1993.0,11.0,97.0,6636.0,5957.0,69504.0,62589.0,,,
1994.0,29.0,117.0,7997.0,7486.0,72546.0,67911.0,,,
1995.0,36.0,99.0,6697.0,6228.0,71190.0,66310.0,,,
1996.0,42.0,105.0,7003.0,6536.0,70872.0,66422.0,,,
1997.0,50.0,107.0,7563.0,7059.0,72978.0,68077.0,,,
1998.0,64.0,103.0,7549.0,7295.0,75407.0,72820.0,,,
1999.0,74.0,109.0,8756.0,8690.0,82589.0,82020.0,,,
2000.0,62.0,103.0,10423.0,9794.0,104966.0,98641.0,,,
2001.0,76.0,102.0,11379.0,10520.0,115741.0,106939.0,,,
2002.0,117.0,102.0,12033.0,11144.0,123184.0,114042.0,,,
2003.0,147.0,96.0,12615.0,12408.0,135461.0,133327.0,,,
2004.0,149.0,98.0,14207.0,14103.0,149723.0,148771.0,,,
2005.0,203.0,112.0,20044.0,19796.0,183741.0,181604.0,,,
2006.0,105.0,106.0,22557.0,22180.0,216956.0,213349.0,,,
2007.0,151.0,107.0,25234.0,24654.0,241104.0,235974.0,,,
2008.0,68.0,107.0,26136.0,25084.0,251944.0,242096.0,,,
2009.0,33.0,102.0,24742.0,23375.0,243535.0,230789.0,,,
2010.0,42.0,105.0,21892.0,21132.0,214672.0,206511.0,,,
2011.0,81.0,106.0,23003.0,22504.0,220990.0,216151.0,,,
2012.0,66.0,105.0,25170.0,24502.0,242617.0,236590.0,,,
2013.0,77.0,110.0,27347.0,26649.0,254831.0,248244.0,,,
2014.0,102.0,108.0,29900.0,29518.0,284146.0,280700.0,,,
