Svæði,Tegund,Ár,Fjöldi,Meðal-,Meðal-,Meðal-,Meðal kaupv.,Meðal staðgr.v.
,,,,flatarmál (m²),kaupverð (þús.kr.),staðgr.verð (þús.kr.),pr. ferm. (kr./m²),pr. ferm. (kr./m²)
SUÐURNES,,,,,,,,
,,,,,,,,
Keflavík,,,,,,,,
,Fjölbýli,,,,,,,
,,1990.0,103.0,89.0,4052.0,3528.0,47.0,41.0
,,1991.0,100.0,87.0,4585.0,3982.0,54.0,47.0
,,1992.0,97.0,82.0,4548.0,4049.0,57.0,51.0
,,1993.0,94.0,87.0,5100.0,4596.0,61.0,55.0
,,1994.0,131.0,88.0,5208.0,4953.0,62.0,59.0
,,1995.0,111.0,88.0,5177.0,4791.0,62.0,57.0
,,1996.0,165.0,92.0,5236.0,4846.0,60.0,56.0
,,1997.0,185.0,92.0,5375.0,5021.0,61.0,57.0
,,1998.0,171.0,88.0,5279.0,5109.0,62.0,61.0
,,1999.0,228.0,90.0,5393.0,5349.0,62.0,62.0
,,2000.0,232.0,93.0,5986.0,5594.0,67.0,63.0
,,2001.0,190.0,93.0,6835.0,6319.0,79.0,73.0
,,2002.0,222.0,96.0,8204.0,7619.0,90.0,83.0
,,2003.0,197.0,100.0,9435.0,9287.0,97.0,95.0
,,2004.0,205.0,95.0,9174.0,9141.0,101.0,101.0
,,2005.0,420.0,96.0,10592.0,10558.0,113.0,112.0
,,2006.0,192.0,98.0,13526.0,13360.0,141.0,139.0
,,2007.0,282.0,97.0,14951.0,14479.0,157.0,152.0
,,2008.0,103.0,96.0,16244.0,15487.0,173.0,165.0
,,2009.0,30.0,92.0,15534.0,14756.0,173.0,164.0
,,2010.0,40.0,105.0,16401.0,15625.0,157.0,150.0
,,2011.0,34.0,103.0,14313.0,13764.0,146.0,141.0
,,2012.0,76.0,104.0,14708.0,14097.0,146.0,139.0
,,2013.0,89.0,105.0,14871.0,14338.0,146.0,140.0
,,2014.0,112.0,102.0,15607.0,15221.0,155.0,152.0
,,,,,,,,
,Sérbýli,,,,,,,
,,1990.0,32.0,154.0,7318.0,6529.0,48.0,43.0
,,1991.0,38.0,154.0,8176.0,7189.0,54.0,48.0
,,1992.0,31.0,155.0,8152.0,7450.0,53.0,48.0
,,1993.0,43.0,165.0,9692.0,8899.0,59.0,54.0
,,1994.0,44.0,155.0,8810.0,8358.0,56.0,53.0
,,1995.0,50.0,162.0,8590.0,8011.0,54.0,50.0
,,1996.0,77.0,160.0,9184.0,8491.0,58.0,54.0
,,1997.0,92.0,160.0,9103.0,8448.0,57.0,53.0
,,1998.0,73.0,164.0,10039.0,9663.0,62.0,59.0
,,1999.0,95.0,166.0,10141.0,10055.0,63.0,62.0
,,2000.0,98.0,166.0,11164.0,10473.0,69.0,65.0
,,2001.0,100.0,171.0,11899.0,10923.0,71.0,65.0
,,2002.0,93.0,160.0,13446.0,12512.0,85.0,79.0
,,2003.0,84.0,172.0,14886.0,14603.0,90.0,88.0
,,2004.0,108.0,170.0,16090.0,15988.0,96.0,96.0
,,2005.0,124.0,168.0,19831.0,19694.0,119.0,119.0
,,2006.0,75.0,164.0,24400.0,23999.0,153.0,150.0
,,2007.0,95.0,169.0,26921.0,25974.0,163.0,157.0
,,2008.0,38.0,183.0,30582.0,29370.0,169.0,162.0
,,2009.0,18.0,175.0,31496.0,29918.0,180.0,171.0
,,2010.0,29.0,173.0,25657.0,24258.0,148.0,140.0
,,2011.0,43.0,181.0,26296.0,24833.0,150.0,141.0
,,2012.0,39.0,166.0,25099.0,24123.0,153.0,147.0
,,2013.0,55.0,170.0,25252.0,24428.0,151.0,146.0
,,2014.0,66.0,170.0,26598.0,26079.0,161.0,158.0
,,,,,,,,
,,,,,,,,
Njarðvík,,,,,,,,
,Fjölbýli,,,,,,,
,,1990.0,21.0,79.0,3919.0,3358.0,51.0,43.0
,,1991.0,39.0,79.0,4088.0,3514.0,52.0,45.0
,,1992.0,12.0,86.0,4863.0,4258.0,59.0,52.0
,,1993.0,27.0,90.0,5234.0,4695.0,61.0,55.0
,,1994.0,33.0,86.0,5513.0,5189.0,65.0,62.0
,,1995.0,27.0,91.0,5616.0,5155.0,66.0,60.0
,,1996.0,61.0,86.0,5161.0,4757.0,62.0,57.0
,,1997.0,47.0,78.0,5156.0,4767.0,68.0,63.0
,,1998.0,56.0,93.0,5390.0,5212.0,61.0,59.0
,,1999.0,68.0,88.0,5526.0,5456.0,65.0,64.0
,,2000.0,69.0,95.0,6204.0,5792.0,69.0,64.0
,,2001.0,78.0,97.0,6845.0,6319.0,75.0,69.0
,,2002.0,52.0,94.0,7889.0,7349.0,86.0,81.0
,,2003.0,45.0,94.0,8399.0,8209.0,94.0,92.0
,,2004.0,43.0,99.0,8533.0,8477.0,89.0,89.0
,,2005.0,169.0,97.0,11545.0,11441.0,121.0,120.0
,,2006.0,102.0,97.0,14993.0,14672.0,157.0,154.0
,,2007.0,192.0,102.0,17517.0,16910.0,174.0,168.0
,,2008.0,96.0,106.0,19744.0,19107.0,188.0,182.0
,,2009.0,31.0,90.0,16810.0,16320.0,188.0,183.0
,,2010.0,31.0,96.0,17448.0,16714.0,179.0,172.0
,,2011.0,23.0,92.0,15515.0,14769.0,169.0,161.0
,,2012.0,42.0,109.0,15518.0,15135.0,144.0,141.0
,,2013.0,50.0,103.0,16342.0,15888.0,162.0,158.0
,,2014.0,86.0,102.0,17268.0,17001.0,175.0,172.0
,,,,,,,,
,Sérbýli,,,,,,,
,,1990.0,6.0,204.0,8841.0,8382.0,44.0,41.0
,,1991.0,10.0,173.0,7425.0,6513.0,44.0,39.0
,,1992.0,9.0,175.0,8883.0,8091.0,53.0,48.0
,,1993.0,20.0,154.0,8126.0,7497.0,64.0,59.0
,,1994.0,25.0,165.0,9728.0,9190.0,59.0,56.0
,,1995.0,11.0,166.0,8004.0,7294.0,49.0,45.0
,,1996.0,27.0,166.0,9055.0,8440.0,55.0,52.0
,,1997.0,20.0,160.0,8911.0,8141.0,56.0,51.0
,,1998.0,22.0,160.0,9350.0,8963.0,59.0,56.0
,,1999.0,43.0,162.0,9855.0,9655.0,61.0,59.0
,,2000.0,38.0,183.0,10958.0,10185.0,61.0,57.0
,,2001.0,24.0,185.0,12169.0,11172.0,69.0,63.0
,,2002.0,33.0,174.0,13052.0,12120.0,76.0,71.0
,,2003.0,29.0,173.0,14145.0,13802.0,83.0,81.0
,,2004.0,49.0,161.0,14473.0,14412.0,91.0,90.0
,,2005.0,64.0,170.0,19720.0,19538.0,118.0,117.0
,,2006.0,43.0,165.0,24430.0,23941.0,152.0,149.0
,,2007.0,93.0,161.0,27320.0,26484.0,173.0,168.0
,,2008.0,36.0,166.0,28713.0,27421.0,180.0,172.0
,,2009.0,21.0,145.0,24712.0,24198.0,170.0,168.0
,,2010.0,14.0,189.0,32029.0,30674.0,174.0,167.0
,,2011.0,28.0,184.0,26341.0,25299.0,148.0,143.0
,,2012.0,34.0,177.0,27106.0,26621.0,156.0,153.0
,,2013.0,44.0,168.0,26149.0,25358.0,155.0,150.0
,,2014.0,60.0,170.0,27496.0,26833.0,164.0,160.0
,,,,,,,,
,,,,,,,,
Grindavík,,,,,,,,
,Fjölbýli,,,,,,,
,,1990.0,2.0,-,-,-,-,-
,,1991.0,3.0,104.0,3733.0,3202.0,38.0,32.0
,,1992.0,5.0,109.0,3930.0,3459.0,39.0,34.0
,,1993.0,1.0,-,-,-,-,-
,,1994.0,9.0,91.0,4190.0,3953.0,50.0,48.0
,,1995.0,6.0,108.0,4357.0,4045.0,41.0,38.0
,,1996.0,2.0,-,-,-,-,-
,,1997.0,5.0,151.0,6068.0,5639.0,41.0,38.0
,,1998.0,2.0,-,-,-,-,-
,,1999.0,12.0,119.0,5414.0,5352.0,50.0,49.0
,,2000.0,13.0,119.0,5276.0,4956.0,48.0,45.0
,,2001.0,12.0,131.0,8019.0,7355.0,68.0,62.0
,,2002.0,10.0,137.0,7985.0,7415.0,63.0,59.0
,,2003.0,14.0,134.0,7743.0,7618.0,64.0,63.0
,,2004.0,27.0,93.0,9454.0,9560.0,104.0,105.0
,,2005.0,26.0,90.0,10876.0,10834.0,122.0,122.0
,,2006.0,31.0,123.0,16224.0,16045.0,134.0,132.0
,,2007.0,23.0,112.0,18562.0,18155.0,169.0,165.0
,,2008.0,15.0,106.0,17699.0,17268.0,174.0,171.0
,,2009.0,4.0,155.0,13800.0,13673.0,91.0,90.0
,,2010.0,6.0,113.0,13600.0,13246.0,132.0,128.0
,,2011.0,2.0,-,-,-,-,-
,,2012.0,7.0,116.0,15429.0,15008.0,144.0,140.0
,,2013.0,9.0,91.0,12397.0,12018.0,151.0,146.0
,,2014.0,16.0,124.0,15280.0,15044.0,134.0,132.0
,,,,,,,,
,Sérbýli,,,,,,,
,,1990.0,28.0,136.0,5276.0,4594.0,41.0,35.0
,,1991.0,10.0,117.0,4240.0,3638.0,40.0,34.0
,,1992.0,21.0,115.0,5051.0,4505.0,45.0,40.0
,,1993.0,19.0,143.0,7576.0,6734.0,57.0,50.0
,,1994.0,23.0,146.0,6588.0,6229.0,47.0,45.0
,,1995.0,32.0,150.0,6181.0,5692.0,43.0,40.0
,,1996.0,38.0,131.0,6548.0,6105.0,51.0,48.0
,,1997.0,40.0,144.0,7191.0,6701.0,54.0,50.0
,,1998.0,40.0,132.0,7500.0,7282.0,60.0,59.0
,,1999.0,68.0,156.0,8304.0,8209.0,57.0,56.0
,,2000.0,38.0,164.0,9497.0,8970.0,60.0,57.0
,,2001.0,41.0,146.0,9642.0,8896.0,70.0,65.0
,,2002.0,60.0,142.0,10293.0,9461.0,76.0,70.0
,,2003.0,79.0,153.0,12045.0,11783.0,80.0,78.0
,,2004.0,77.0,158.0,13514.0,13355.0,88.0,87.0
,,2005.0,67.0,142.0,16187.0,16092.0,117.0,117.0
,,2006.0,41.0,150.0,20938.0,20606.0,146.0,144.0
,,2007.0,69.0,148.0,21160.0,20584.0,150.0,146.0
,,2008.0,29.0,161.0,23772.0,22925.0,152.0,146.0
,,2009.0,15.0,162.0,23259.0,21907.0,145.0,135.0
,,2010.0,14.0,137.0,21915.0,21166.0,157.0,151.0
,,2011.0,12.0,175.0,21471.0,20638.0,129.0,124.0
,,2012.0,31.0,165.0,21661.0,20795.0,133.0,128.0
,,2013.0,36.0,164.0,23392.0,22643.0,148.0,144.0
,,2014.0,42.0,163.0,21983.0,21432.0,139.0,136.0
,,,,,,,,
,,,,,,,,
Sandgerði,,,,,,,,
,Fjölbýli,,,,,,,
,,1990.0,6.0,102.0,3175.0,2767.0,31.0,27.0
,,1991.0,12.0,122.0,4333.0,3714.0,36.0,31.0
,,1992.0,1.0,-,-,-,-,-
,,1993.0,9.0,104.0,3984.0,3662.0,40.0,37.0
,,1994.0,13.0,115.0,5301.0,5017.0,48.0,46.0
,,1995.0,18.0,94.0,4587.0,4267.0,51.0,48.0
,,1996.0,8.0,89.0,4133.0,3853.0,50.0,46.0
,,1997.0,8.0,129.0,5475.0,5148.0,43.0,40.0
,,1998.0,10.0,90.0,4535.0,4409.0,52.0,51.0
,,1999.0,9.0,135.0,5389.0,5397.0,41.0,40.0
,,2000.0,16.0,113.0,5558.0,5253.0,50.0,47.0
,,2001.0,13.0,109.0,6050.0,5546.0,56.0,52.0
,,2002.0,13.0,115.0,6715.0,6309.0,63.0,60.0
,,2003.0,9.0,118.0,6667.0,6563.0,59.0,57.0
,,2004.0,11.0,115.0,8609.0,8580.0,78.0,77.0
,,2005.0,32.0,114.0,10038.0,10011.0,92.0,91.0
,,2006.0,19.0,108.0,12170.0,11987.0,116.0,115.0
,,2007.0,19.0,101.0,11943.0,11341.0,120.0,114.0
,,2008.0,11.0,115.0,11518.0,10861.0,106.0,99.0
,,2009.0,4.0,134.0,16188.0,14745.0,127.0,115.0
,,2010.0,4.0,95.0,12040.0,11888.0,127.0,126.0
,,2011.0,1.0,-,-,-,-,-
,,2012.0,1.0,-,-,-,-,-
,,2013.0,3.0,94.0,12909.0,11834.0,137.0,126.0
,,2014.0,4.0,86.0,7523.0,7470.0,98.0,97.0
,,,,,,,,
,Sérbýli,,,,,,,
,,1990.0,19.0,132.0,4461.0,3950.0,36.0,32.0
,,1991.0,11.0,170.0,6665.0,5846.0,40.0,35.0
,,1992.0,6.0,125.0,4700.0,4268.0,37.0,34.0
,,1993.0,7.0,148.0,6483.0,5942.0,46.0,42.0
,,1994.0,12.0,120.0,5951.0,5617.0,51.0,48.0
,,1995.0,25.0,147.0,6302.0,5804.0,44.0,41.0
,,1996.0,24.0,158.0,6317.0,5870.0,41.0,38.0
,,1997.0,17.0,136.0,7426.0,6908.0,55.0,52.0
,,1998.0,24.0,161.0,8185.0,7939.0,51.0,50.0
,,1999.0,23.0,156.0,6673.0,6681.0,45.0,45.0
,,2000.0,24.0,151.0,7840.0,7318.0,53.0,50.0
,,2001.0,29.0,154.0,8656.0,7959.0,62.0,57.0
,,2002.0,21.0,142.0,8729.0,8022.0,65.0,59.0
,,2003.0,32.0,152.0,10625.0,10448.0,74.0,73.0
,,2004.0,32.0,154.0,11480.0,11468.0,76.0,76.0
,,2005.0,48.0,149.0,13871.0,13803.0,95.0,95.0
,,2006.0,25.0,156.0,17318.0,17062.0,115.0,114.0
,,2007.0,44.0,147.0,19044.0,18104.0,132.0,126.0
,,2008.0,21.0,148.0,21355.0,20208.0,147.0,139.0
,,2009.0,8.0,144.0,21409.0,20068.0,146.0,136.0
,,2010.0,10.0,151.0,19925.0,18979.0,132.0,126.0
,,2011.0,8.0,170.0,20404.0,19807.0,123.0,119.0
,,2012.0,15.0,178.0,20217.0,19165.0,118.0,112.0
,,2013.0,20.0,153.0,17451.0,16987.0,115.0,112.0
,,2014.0,25.0,181.0,20728.0,20314.0,119.0,116.0
,,,,,,,,
,,,,,,,,
Garður,,,,,,,,
,Fjölbýli,,,,,,,
,,1991.0,5.0,117.0,4179.0,3805.0,40.0,36.0
,,1992.0,5.0,104.0,3330.0,2956.0,38.0,34.0
,,1993.0,1.0,-,-,-,-,-
,,1994.0,4.0,79.0,5238.0,5072.0,66.0,64.0
,,1995.0,8.0,77.0,4404.0,4092.0,60.0,56.0
,,1996.0,3.0,166.0,5538.0,5182.0,35.0,33.0
,,1997.0,6.0,103.0,4916.0,4513.0,51.0,46.0
,,1998.0,4.0,93.0,4925.0,4730.0,60.0,57.0
,,1999.0,3.0,111.0,4567.0,4584.0,46.0,47.0
,,2000.0,2.0,-,-,-,-,-
,,2001.0,2.0,-,-,-,-,-
,,2002.0,3.0,105.0,7367.0,6760.0,71.0,65.0
,,2003.0,5.0,164.0,9810.0,9697.0,79.0,78.0
,,2004.0,4.0,103.0,6925.0,6869.0,77.0,77.0
,,2005.0,13.0,139.0,10535.0,10581.0,89.0,90.0
,,2006.0,7.0,83.0,10829.0,10758.0,130.0,130.0
,,2007.0,4.0,90.0,14638.0,14178.0,162.0,157.0
,,2008.0,3.0,91.0,13867.0,12859.0,155.0,143.0
,,2009.0,1.0,-,-,-,-,-
,,2010.0,2.0,-,-,-,-,-
,,2014.0,2.0,-,-,-,-,-
,,,,,,,,
,Sérbýli,,,,,,,
,,1990.0,6.0,146.0,3990.0,3365.0,27.0,23.0
,,1991.0,10.0,156.0,5881.0,5072.0,38.0,33.0
,,1992.0,7.0,130.0,5961.0,5214.0,45.0,40.0
,,1993.0,6.0,108.0,4733.0,4436.0,42.0,39.0
,,1994.0,16.0,149.0,6378.0,6125.0,42.0,40.0
,,1995.0,12.0,162.0,6351.0,5910.0,41.0,38.0
,,1996.0,12.0,167.0,6092.0,5651.0,38.0,36.0
,,1997.0,22.0,157.0,5906.0,5485.0,39.0,36.0
,,1998.0,14.0,172.0,7321.0,6995.0,42.0,40.0
,,1999.0,29.0,173.0,8300.0,8273.0,49.0,49.0
,,2000.0,23.0,150.0,9118.0,8507.0,63.0,59.0
,,2001.0,22.0,163.0,9488.0,8695.0,58.0,53.0
,,2002.0,20.0,172.0,9865.0,9066.0,58.0,54.0
,,2003.0,38.0,164.0,10021.0,9866.0,65.0,64.0
,,2004.0,31.0,163.0,11084.0,11064.0,71.0,70.0
,,2005.0,47.0,145.0,12817.0,12744.0,94.0,94.0
,,2006.0,21.0,157.0,16445.0,16471.0,108.0,108.0
,,2007.0,43.0,152.0,18669.0,18100.0,130.0,126.0
,,2008.0,23.0,136.0,21452.0,20114.0,168.0,159.0
,,2009.0,8.0,134.0,20075.0,19028.0,158.0,151.0
,,2010.0,10.0,140.0,16587.0,15737.0,123.0,117.0
,,2011.0,4.0,137.0,17357.0,15634.0,140.0,126.0
,,2012.0,12.0,164.0,19825.0,18894.0,128.0,121.0
,,2013.0,9.0,186.0,16878.0,16378.0,91.0,88.0
,,2014.0,19.0,172.0,19126.0,18736.0,120.0,117.0
,,,,,,,,
,,,,,,,,
Vogar,,,,,,,,
,Fjölbýli,,,,,,,
,,1990.0,3.0,80.0,3110.0,2837.0,39.0,35.0
,,1991.0,2.0,-,-,-,-,-
,,1993.0,3.0,70.0,3550.0,3266.0,51.0,47.0
,,1994.0,3.0,91.0,4467.0,4387.0,51.0,51.0
,,1995.0,11.0,102.0,4150.0,3833.0,43.0,40.0
,,1996.0,6.0,80.0,3650.0,3357.0,49.0,45.0
,,1997.0,2.0,-,-,-,-,-
,,1998.0,2.0,-,-,-,-,-
,,1999.0,10.0,98.0,5000.0,4958.0,54.0,53.0
,,2000.0,5.0,79.0,5470.0,5069.0,70.0,64.0
,,2001.0,4.0,76.0,5972.0,5432.0,86.0,78.0
,,2002.0,4.0,100.0,7088.0,6555.0,80.0,74.0
,,2003.0,5.0,97.0,7790.0,7682.0,89.0,88.0
,,2004.0,5.0,72.0,8202.0,8231.0,115.0,115.0
,,2005.0,27.0,87.0,12773.0,12696.0,149.0,148.0
,,2006.0,12.0,86.0,13938.0,13532.0,168.0,163.0
,,2007.0,11.0,107.0,17048.0,16126.0,172.0,161.0
,,2008.0,7.0,66.0,14000.0,13476.0,214.0,208.0
,,2009.0,1.0,-,-,-,-,-
,,2010.0,2.0,-,-,-,-,-
,,2011.0,1.0,-,-,-,-,-
,,2012.0,1.0,-,-,-,-,-
,,2013.0,2.0,-,-,-,-,-
,,2014.0,2.0,-,-,-,-,-
,,,,,,,,
,Sérbýli,,,,,,,
,,1990.0,3.0,159.0,4400.0,4161.0,28.0,26.0
,,1991.0,1.0,-,-,-,-,-
,,1992.0,5.0,160.0,6080.0,5561.0,37.0,35.0
,,1993.0,8.0,134.0,6178.0,5600.0,46.0,42.0
,,1994.0,11.0,149.0,5006.0,4768.0,34.0,33.0
,,1995.0,14.0,173.0,7804.0,7269.0,45.0,42.0
,,1996.0,13.0,165.0,7613.0,7052.0,47.0,44.0
,,1997.0,18.0,137.0,6061.0,5724.0,47.0,45.0
,,1998.0,16.0,165.0,7073.0,6785.0,45.0,43.0
,,1999.0,25.0,163.0,8228.0,8135.0,53.0,52.0
,,2000.0,15.0,146.0,9523.0,8821.0,70.0,65.0
,,2001.0,20.0,158.0,11027.0,10174.0,73.0,67.0
,,2002.0,17.0,167.0,12701.0,11763.0,78.0,73.0
,,2003.0,21.0,180.0,13524.0,13290.0,76.0,75.0
,,2004.0,23.0,176.0,14977.0,14920.0,86.0,86.0
,,2005.0,27.0,162.0,20463.0,20181.0,129.0,128.0
,,2006.0,19.0,171.0,23803.0,23003.0,145.0,140.0
,,2007.0,38.0,171.0,28093.0,27024.0,171.0,164.0
,,2008.0,4.0,156.0,25988.0,25100.0,172.0,166.0
,,2009.0,4.0,140.0,23413.0,21673.0,178.0,163.0
,,2010.0,1.0,-,-,-,-,-
,,2011.0,7.0,165.0,19239.0,18803.0,116.0,113.0
,,2012.0,9.0,203.0,25579.0,24637.0,129.0,124.0
,,2013.0,11.0,175.0,19664.0,19489.0,107.0,106.0
,,2014.0,20.0,180.0,23835.0,23640.0,141.0,140.0
,,,,,,,,
VESTURLAND,,,,,,,,
,,,,,,,,
Akranes,,,,,,,,
,Fjölbýli,,,,,,,
,,1990.0,55.0,100.0,3397.0,2967.0,36.0,31.0
,,1991.0,36.0,95.0,3835.0,3353.0,41.0,36.0
,,1992.0,34.0,101.0,4225.0,3795.0,43.0,38.0
,,1993.0,44.0,98.0,4756.0,4367.0,49.0,45.0
,,1994.0,100.0,108.0,5272.0,4957.0,51.0,48.0
,,1995.0,58.0,101.0,5157.0,4752.0,52.0,48.0
,,1996.0,107.0,102.0,5083.0,4721.0,54.0,50.0
,,1997.0,102.0,106.0,5369.0,5005.0,53.0,49.0
,,1998.0,104.0,109.0,5669.0,5505.0,54.0,52.0
,,1999.0,147.0,108.0,6173.0,6114.0,58.0,58.0
,,2000.0,112.0,105.0,7272.0,6780.0,72.0,67.0
,,2001.0,101.0,106.0,8146.0,7505.0,80.0,73.0
,,2002.0,111.0,117.0,8948.0,8250.0,80.0,74.0
,,2003.0,141.0,111.0,9692.0,9539.0,92.0,91.0
,,2004.0,187.0,111.0,10698.0,10639.0,102.0,101.0
,,2005.0,211.0,104.0,12498.0,12362.0,122.0,121.0
,,2006.0,139.0,116.0,17084.0,16850.0,152.0,150.0
,,2007.0,222.0,109.0,17352.0,16925.0,163.0,159.0
,,2008.0,56.0,109.0,16963.0,16064.0,163.0,155.0
,,2009.0,26.0,114.0,18116.0,17055.0,165.0,155.0
,,2010.0,29.0,116.0,17242.0,16392.0,155.0,148.0
,,2011.0,53.0,111.0,17220.0,16591.0,162.0,157.0
,,2012.0,45.0,109.0,17346.0,16384.0,163.0,153.0
,,2013.0,63.0,112.0,17562.0,16913.0,159.0,153.0
,,2014.0,111.0,117.0,18331.0,17919.0,161.0,157.0
,,,,,,,,
,Sérbýli,,,,,,,
,,1990.0,28.0,150.0,5563.0,4951.0,37.0,33.0
,,1991.0,11.0,146.0,6561.0,5883.0,47.0,42.0
,,1992.0,10.0,139.0,7060.0,6307.0,52.0,47.0
,,1993.0,25.0,150.0,7583.0,6997.0,56.0,52.0
,,1994.0,53.0,178.0,9058.0,8527.0,52.0,49.0
,,1995.0,52.0,179.0,9112.0,8352.0,52.0,48.0
,,1996.0,41.0,175.0,8588.0,7881.0,52.0,47.0
,,1997.0,52.0,170.0,8849.0,8206.0,53.0,49.0
,,1998.0,43.0,172.0,9174.0,8854.0,54.0,52.0
,,1999.0,97.0,167.0,9934.0,9816.0,62.0,61.0
,,2000.0,74.0,169.0,10232.0,9691.0,62.0,59.0
,,2001.0,73.0,168.0,11832.0,10820.0,77.0,70.0
,,2002.0,61.0,165.0,12664.0,11661.0,87.0,80.0
,,2003.0,67.0,147.0,12658.0,12413.0,96.0,94.0
,,2004.0,85.0,171.0,15018.0,14891.0,98.0,97.0
,,2005.0,74.0,181.0,18997.0,18842.0,106.0,105.0
,,2006.0,49.0,169.0,23407.0,23035.0,139.0,137.0
,,2007.0,81.0,173.0,26952.0,26289.0,160.0,157.0
,,2008.0,37.0,156.0,25004.0,24083.0,164.0,159.0
,,2009.0,22.0,185.0,26561.0,25153.0,155.0,148.0
,,2010.0,16.0,182.0,22896.0,21911.0,128.0,122.0
,,2011.0,36.0,181.0,27172.0,25994.0,155.0,148.0
,,2012.0,33.0,169.0,28896.0,27347.0,171.0,163.0
,,2013.0,49.0,177.0,24637.0,23978.0,143.0,140.0
,,2014.0,71.0,170.0,28774.0,28097.0,174.0,170.0
,,,,,,,,
,,,,,,,,
Borgarnes,,,,,,,,
,Fjölbýli,,,,,,,
,,1990.0,4.0,90.0,3625.0,3178.0,41.0,35.0
,,1991.0,14.0,88.0,3371.0,2923.0,39.0,34.0
,,1992.0,8.0,97.0,3806.0,3393.0,42.0,38.0
,,1993.0,6.0,77.0,4098.0,3779.0,54.0,50.0
,,1994.0,7.0,89.0,4914.0,4622.0,57.0,54.0
,,1995.0,9.0,91.0,4089.0,3812.0,47.0,44.0
,,1996.0,17.0,92.0,5404.0,5048.0,62.0,58.0
,,1997.0,10.0,91.0,5477.0,5107.0,58.0,54.0
,,1998.0,24.0,100.0,5044.0,4945.0,53.0,52.0
,,1999.0,14.0,96.0,5825.0,5732.0,63.0,62.0
,,2000.0,29.0,102.0,6389.0,6047.0,66.0,62.0
,,2001.0,18.0,114.0,7254.0,6709.0,68.0,63.0
,,2002.0,16.0,92.0,6530.0,6082.0,74.0,69.0
,,2003.0,14.0,90.0,8345.0,8239.0,97.0,95.0
,,2004.0,42.0,112.0,9101.0,9068.0,85.0,84.0
,,2005.0,38.0,99.0,10538.0,10450.0,108.0,107.0
,,2006.0,22.0,93.0,13808.0,13552.0,148.0,145.0
,,2007.0,44.0,101.0,17356.0,16805.0,177.0,172.0
,,2008.0,12.0,90.0,17481.0,16975.0,198.0,193.0
,,2009.0,5.0,91.0,14500.0,13475.0,159.0,150.0
,,2010.0,6.0,92.0,16622.0,16111.0,176.0,170.0
,,2011.0,4.0,173.0,22575.0,21974.0,135.0,130.0
,,2012.0,11.0,120.0,16382.0,16013.0,151.0,147.0
,,2013.0,8.0,105.0,12994.0,12705.0,128.0,125.0
,,2014.0,19.0,100.0,15311.0,15122.0,164.0,162.0
,,,,,,,,
,Sérbýli,,,,,,,
,,1990.0,7.0,155.0,6280.0,5435.0,41.0,35.0
,,1991.0,9.0,164.0,6041.0,5147.0,37.0,32.0
,,1992.0,8.0,167.0,7038.0,6444.0,39.0,36.0
,,1993.0,6.0,160.0,6742.0,6169.0,42.0,38.0
,,1994.0,9.0,173.0,7933.0,7537.0,47.0,44.0
,,1995.0,7.0,201.0,7657.0,7149.0,40.0,38.0
,,1996.0,13.0,163.0,6836.0,6456.0,42.0,40.0
,,1997.0,17.0,154.0,7304.0,6920.0,49.0,47.0
,,1998.0,25.0,186.0,8336.0,8072.0,48.0,47.0
,,1999.0,28.0,170.0,9721.0,9663.0,59.0,59.0
,,2000.0,26.0,169.0,10561.0,10002.0,65.0,62.0
,,2001.0,25.0,194.0,11420.0,10706.0,62.0,58.0
,,2002.0,19.0,158.0,10458.0,9622.0,69.0,63.0
,,2003.0,14.0,156.0,11809.0,11591.0,80.0,79.0
,,2004.0,37.0,179.0,12995.0,12910.0,75.0,74.0
,,2005.0,17.0,181.0,17091.0,16902.0,98.0,97.0
,,2006.0,11.0,161.0,23471.0,23282.0,150.0,149.0
,,2007.0,36.0,165.0,25651.0,25051.0,162.0,159.0
,,2008.0,7.0,153.0,25800.0,25195.0,176.0,171.0
,,2009.0,8.0,175.0,22276.0,21348.0,131.0,127.0
,,2010.0,8.0,147.0,19831.0,18644.0,146.0,140.0
,,2011.0,6.0,179.0,23100.0,22554.0,131.0,129.0
,,2012.0,15.0,189.0,20827.0,19873.0,112.0,107.0
,,2013.0,10.0,172.0,21503.0,21076.0,119.0,117.0
,,2014.0,8.0,192.0,22862.0,22674.0,125.0,124.0
,,,,,,,,
,,,,,,,,
Grundarfjörður,,,,,,,,
,Fjölbýli,,,,,,,
,,1991.0,1.0,-,-,-,-,-
,,1992.0,1.0,-,-,-,-,-
,,1993.0,4.0,120.0,3345.0,2988.0,30.0,27.0
,,1994.0,3.0,144.0,5350.0,5263.0,38.0,37.0
,,1995.0,4.0,129.0,5425.0,5128.0,45.0,42.0
,,1996.0,4.0,91.0,5338.0,4922.0,59.0,55.0
,,1997.0,6.0,107.0,5592.0,5215.0,60.0,56.0
,,1998.0,4.0,139.0,6975.0,6994.0,54.0,54.0
,,1999.0,2.0,-,-,-,-,-
,,2000.0,4.0,95.0,4490.0,4276.0,48.0,46.0
,,2001.0,2.0,-,-,-,-,-
,,2002.0,5.0,117.0,6086.0,5653.0,53.0,50.0
,,2003.0,4.0,90.0,5887.0,5840.0,66.0,66.0
,,2004.0,7.0,93.0,6464.0,6469.0,71.0,71.0
,,2005.0,4.0,101.0,9025.0,9018.0,92.0,92.0
,,2006.0,6.0,101.0,12200.0,11950.0,128.0,125.0
,,2007.0,7.0,90.0,10157.0,9835.0,115.0,112.0
,,2008.0,6.0,104.0,13092.0,12639.0,130.0,125.0
,,2009.0,4.0,107.0,21675.0,21365.0,213.0,209.0
,,2011.0,1.0,-,-,-,-,-
,,2012.0,1.0,-,-,-,-,-
,,2013.0,5.0,88.0,17300.0,16812.0,196.0,191.0
,,2014.0,4.0,169.0,23875.0,22696.0,146.0,139.0
,,,,,,,,
,Sérbýli,,,,,,,
,,1991.0,6.0,114.0,2657.0,2379.0,24.0,22.0
,,1992.0,4.0,164.0,5350.0,4762.0,38.0,34.0
,,1993.0,3.0,130.0,5483.0,5207.0,40.0,38.0
,,1994.0,7.0,180.0,7233.0,6902.0,45.0,42.0
,,1995.0,9.0,148.0,6105.0,5681.0,42.0,39.0
,,1996.0,6.0,141.0,6492.0,6207.0,48.0,46.0
,,1997.0,6.0,131.0,5759.0,5273.0,48.0,45.0
,,1998.0,8.0,196.0,8000.0,7670.0,41.0,39.0
,,1999.0,6.0,155.0,6510.0,6435.0,41.0,40.0
,,2000.0,11.0,155.0,8160.0,7819.0,54.0,51.0
,,2001.0,4.0,141.0,7638.0,7202.0,53.0,50.0
,,2002.0,14.0,140.0,7443.0,6886.0,55.0,51.0
,,2003.0,6.0,125.0,9598.0,9492.0,75.0,74.0
,,2004.0,13.0,172.0,12962.0,12860.0,78.0,77.0
,,2005.0,19.0,156.0,12671.0,12639.0,84.0,84.0
,,2006.0,11.0,171.0,16500.0,16285.0,99.0,98.0
,,2007.0,6.0,159.0,20250.0,19082.0,129.0,122.0
,,2008.0,4.0,146.0,19725.0,19155.0,137.0,133.0
,,2009.0,3.0,180.0,22900.0,21591.0,125.0,120.0
,,2010.0,4.0,196.0,16975.0,16140.0,82.0,78.0
,,2011.0,3.0,162.0,25667.0,24878.0,158.0,154.0
,,2012.0,8.0,138.0,21053.0,19662.0,155.0,146.0
,,2013.0,6.0,186.0,23994.0,23092.0,129.0,125.0
,,2014.0,8.0,161.0,21388.0,20934.0,141.0,138.0
,,,,,,,,
,,,,,,,,
Stykkishólmur,,,,,,,,
,Fjölbýli,,,,,,,
,,1991.0,1.0,-,-,-,-,-
,,1993.0,4.0,114.0,2974.0,2823.0,30.0,28.0
,,1994.0,1.0,-,-,-,-,-
,,1996.0,4.0,122.0,3394.0,3280.0,31.0,30.0
,,1997.0,5.0,107.0,4160.0,3924.0,40.0,38.0
,,1998.0,4.0,157.0,6675.0,6393.0,44.0,42.0
,,1999.0,3.0,74.0,2867.0,2926.0,38.0,39.0
,,2000.0,9.0,122.0,4506.0,4421.0,37.0,37.0
,,2001.0,7.0,116.0,5951.0,5908.0,49.0,48.0
,,2002.0,6.0,91.0,5283.0,4851.0,58.0,53.0
,,2003.0,1.0,-,-,-,-,-
,,2004.0,3.0,151.0,5833.0,5794.0,48.0,48.0
,,2005.0,17.0,110.0,8185.0,8121.0,78.0,78.0
,,2006.0,3.0,82.0,9000.0,8892.0,111.0,109.0
,,2007.0,5.0,128.0,12405.0,11822.0,100.0,96.0
,,2009.0,2.0,-,-,-,-,-
,,2010.0,2.0,-,-,-,-,-
,,2011.0,2.0,-,-,-,-,-
,,2012.0,3.0,189.0,25667.0,25309.0,152.0,150.0
,,2014.0,2.0,-,-,-,-,-
,,,,,,,,
,Sérbýli,,,,,,,
,,1990.0,1.0,-,-,-,-,-
,,1991.0,10.0,144.0,4135.0,3792.0,28.0,26.0
,,1992.0,8.0,155.0,6550.0,5764.0,43.0,37.0
,,1993.0,12.0,126.0,5579.0,5179.0,44.0,41.0
,,1994.0,6.0,141.0,6654.0,6370.0,51.0,49.0
,,1995.0,10.0,146.0,5857.0,5390.0,42.0,39.0
,,1996.0,15.0,127.0,5205.0,4772.0,43.0,39.0
,,1997.0,27.0,131.0,6082.0,5713.0,48.0,45.0
,,1998.0,21.0,147.0,6726.0,6516.0,48.0,46.0
,,1999.0,17.0,124.0,5198.0,5111.0,43.0,43.0
,,2000.0,21.0,143.0,6565.0,6190.0,48.0,45.0
,,2001.0,17.0,144.0,7459.0,6993.0,54.0,51.0
,,2002.0,13.0,129.0,7877.0,7390.0,67.0,64.0
,,2003.0,17.0,165.0,10008.0,9525.0,62.0,60.0
,,2004.0,23.0,155.0,10159.0,10075.0,69.0,69.0
,,2005.0,41.0,149.0,12148.0,12033.0,88.0,87.0
,,2006.0,17.0,144.0,15501.0,15082.0,117.0,114.0
,,2007.0,17.0,128.0,16874.0,16103.0,141.0,134.0
,,2008.0,12.0,131.0,20028.0,19698.0,160.0,158.0
,,2009.0,3.0,155.0,20333.0,18777.0,141.0,130.0
,,2010.0,7.0,120.0,18240.0,17249.0,159.0,150.0
,,2011.0,14.0,142.0,21000.0,20594.0,154.0,151.0
,,2012.0,11.0,130.0,21827.0,21757.0,171.0,171.0
,,2013.0,10.0,158.0,23420.0,22975.0,153.0,150.0
,,2014.0,16.0,133.0,22603.0,22339.0,175.0,173.0
,,,,,,,,
,,,,,,,,
Ólafsvík,,,,,,,,
,Fjölbýli,,,,,,,
,,1991.0,3.0,115.0,4684.0,4082.0,38.0,34.0
,,1992.0,2.0,-,-,-,-,-
,,1993.0,13.0,114.0,3764.0,3366.0,32.0,29.0
,,1994.0,5.0,124.0,4640.0,4529.0,40.0,39.0
,,1995.0,5.0,120.0,4237.0,3930.0,37.0,34.0
,,1996.0,6.0,91.0,4533.0,4155.0,52.0,47.0
,,1997.0,3.0,127.0,4452.0,4056.0,35.0,32.0
,,1998.0,9.0,127.0,4347.0,4123.0,34.0,33.0
,,1999.0,5.0,118.0,3831.0,3775.0,31.0,31.0
,,2000.0,8.0,102.0,4475.0,4071.0,45.0,41.0
,,2001.0,9.0,112.0,4267.0,4002.0,39.0,37.0
,,2002.0,7.0,103.0,4957.0,4812.0,48.0,46.0
,,2003.0,4.0,103.0,4850.0,4834.0,46.0,45.0
,,2004.0,10.0,129.0,7350.0,7205.0,59.0,58.0
,,2005.0,7.0,109.0,6843.0,6842.0,66.0,66.0
,,2006.0,11.0,102.0,7823.0,7816.0,77.0,77.0
,,2007.0,8.0,110.0,11349.0,11062.0,109.0,106.0
,,2008.0,12.0,97.0,17408.0,16842.0,190.0,185.0
,,2009.0,11.0,98.0,15773.0,14984.0,164.0,156.0
,,2010.0,3.0,76.0,17217.0,17229.0,232.0,233.0
,,2011.0,3.0,88.0,10700.0,10485.0,125.0,122.0
,,2012.0,1.0,-,-,-,-,-
,,2013.0,2.0,-,-,-,-,-
,,2014.0,2.0,-,-,-,-,-
,,,,,,,,
,Sérbýli,,,,,,,
,,1990.0,7.0,163.0,5971.0,5648.0,35.0,33.0
,,1991.0,6.0,127.0,3951.0,3655.0,30.0,28.0
,,1992.0,6.0,159.0,5922.0,5282.0,38.0,34.0
,,1993.0,10.0,126.0,4242.0,3878.0,36.0,33.0
,,1994.0,6.0,157.0,7575.0,7062.0,47.0,44.0
,,1995.0,1.0,-,-,-,-,-
,,1996.0,11.0,144.0,5247.0,4886.0,38.0,36.0
,,1997.0,10.0,151.0,5793.0,5344.0,39.0,36.0
,,1998.0,18.0,152.0,5001.0,4863.0,36.0,35.0
,,1999.0,19.0,156.0,6918.0,6763.0,45.0,44.0
,,2000.0,18.0,131.0,5939.0,5636.0,45.0,43.0
,,2001.0,11.0,148.0,6318.0,5850.0,45.0,41.0
,,2002.0,20.0,139.0,7749.0,7171.0,56.0,52.0
,,2003.0,19.0,147.0,8253.0,8133.0,57.0,57.0
,,2004.0,23.0,131.0,8638.0,8673.0,67.0,68.0
,,2005.0,11.0,172.0,11018.0,10962.0,65.0,65.0
,,2006.0,16.0,136.0,11254.0,11181.0,87.0,86.0
,,2007.0,20.0,158.0,16870.0,16394.0,111.0,108.0
,,2008.0,7.0,155.0,18457.0,17861.0,116.0,113.0
,,2009.0,5.0,139.0,14306.0,13199.0,109.0,100.0
,,2010.0,2.0,-,-,-,-,-
,,2011.0,4.0,176.0,16175.0,16136.0,90.0,90.0
,,2012.0,4.0,131.0,17257.0,16337.0,136.0,129.0
,,2013.0,3.0,172.0,21900.0,21671.0,123.0,122.0
,,2014.0,8.0,194.0,18375.0,17533.0,97.0,93.0
,,,,,,,,
VESTFIRÐIR,,,,,,,,
,,,,,,,,
Bolungarvík,,,,,,,,
,Fjölbýli,,,,,,,
,,1990.0,2.0,-,-,-,-,-
,,1991.0,2.0,-,-,-,-,-
,,1992.0,8.0,87.0,3109.0,2831.0,35.0,32.0
,,1993.0,7.0,70.0,2507.0,2265.0,37.0,34.0
,,1994.0,6.0,96.0,3558.0,3428.0,38.0,36.0
,,1995.0,3.0,139.0,2877.0,2714.0,24.0,23.0
,,1996.0,3.0,70.0,2400.0,2170.0,34.0,31.0
,,1997.0,5.0,76.0,2800.0,2657.0,38.0,36.0
,,1998.0,2.0,-,-,-,-,-
,,2000.0,4.0,93.0,4150.0,3930.0,46.0,43.0
,,2001.0,2.0,-,-,-,-,-
,,2002.0,1.0,-,-,-,-,-
,,2003.0,6.0,183.0,4425.0,4386.0,27.0,27.0
,,2004.0,6.0,57.0,477.0,476.0,9.0,9.0
,,2005.0,11.0,90.0,3695.0,3694.0,51.0,51.0
,,2006.0,23.0,74.0,2052.0,2063.0,27.0,27.0
,,2007.0,3.0,74.0,2954.0,2938.0,39.0,39.0
,,2008.0,4.0,105.0,4794.0,4631.0,45.0,43.0
,,2009.0,4.0,86.0,3880.0,3692.0,43.0,42.0
,,2010.0,6.0,126.0,6607.0,6493.0,59.0,58.0
,,2011.0,5.0,86.0,4750.0,4688.0,56.0,55.0
,,2012.0,7.0,110.0,6561.0,6254.0,66.0,63.0
,,2013.0,4.0,110.0,18486.0,18415.0,175.0,174.0
,,2014.0,1.0,-,-,-,-,-
,,,,,,,,
,Sérbýli,,,,,,,
,,1990.0,1.0,-,-,-,-,-
,,1991.0,4.0,142.0,2750.0,2486.0,18.0,17.0
,,1992.0,3.0,145.0,4883.0,4238.0,31.0,27.0
,,1993.0,6.0,146.0,5627.0,5026.0,39.0,34.0
,,1994.0,12.0,185.0,6269.0,5905.0,33.0,31.0
,,1995.0,6.0,216.0,8033.0,7366.0,35.0,32.0
,,1996.0,6.0,186.0,6333.0,5759.0,35.0,32.0
,,1997.0,12.0,213.0,6033.0,5692.0,29.0,27.0
,,1998.0,6.0,216.0,5767.0,5622.0,28.0,27.0
,,1999.0,10.0,176.0,5020.0,5021.0,29.0,29.0
,,2000.0,9.0,184.0,6722.0,6266.0,36.0,33.0
,,2001.0,4.0,139.0,4703.0,4544.0,31.0,29.0
,,2002.0,2.0,-,-,-,-,-
,,2003.0,13.0,186.0,5738.0,5665.0,34.0,33.0
,,2004.0,5.0,166.0,5056.0,5033.0,29.0,29.0
,,2005.0,28.0,174.0,6386.0,6385.0,38.0,38.0
,,2006.0,20.0,165.0,8233.0,8065.0,50.0,49.0
,,2007.0,18.0,170.0,9604.0,9541.0,59.0,58.0
,,2008.0,12.0,155.0,9325.0,8964.0,59.0,57.0
,,2009.0,4.0,155.0,8875.0,8142.0,58.0,53.0
,,2010.0,6.0,163.0,8746.0,8562.0,53.0,51.0
,,2011.0,8.0,185.0,14159.0,13807.0,79.0,78.0
,,2012.0,13.0,165.0,13804.0,13359.0,83.0,80.0
,,2013.0,10.0,171.0,14010.0,13635.0,82.0,80.0
,,2014.0,13.0,170.0,12786.0,12596.0,75.0,74.0
,,,,,,,,
,,,,,,,,
Ísafjörður,,,,,,,,
,Fjölbýli,,,,,,,
,,1990.0,20.0,105.0,4297.0,3863.0,43.0,39.0
,,1991.0,33.0,99.0,4216.0,3652.0,43.0,37.0
,,1992.0,20.0,108.0,4273.0,3877.0,43.0,39.0
,,1993.0,26.0,105.0,4555.0,4097.0,45.0,41.0
,,1994.0,41.0,91.0,4275.0,4131.0,50.0,48.0
,,1995.0,38.0,107.0,5562.0,5197.0,58.0,54.0
,,1996.0,35.0,90.0,4735.0,4426.0,54.0,50.0
,,1997.0,31.0,95.0,5091.0,4795.0,57.0,54.0
,,1998.0,24.0,105.0,5564.0,5390.0,62.0,60.0
,,1999.0,22.0,104.0,5873.0,5760.0,60.0,58.0
,,2000.0,19.0,117.0,6110.0,5763.0,59.0,56.0
,,2001.0,19.0,102.0,5988.0,5489.0,62.0,57.0
,,2002.0,36.0,120.0,6630.0,6267.0,62.0,59.0
,,2003.0,37.0,107.0,5408.0,5330.0,52.0,51.0
,,2004.0,27.0,108.0,5941.0,5901.0,57.0,56.0
,,2005.0,72.0,104.0,6704.0,6694.0,68.0,68.0
,,2006.0,57.0,104.0,8780.0,8634.0,85.0,83.0
,,2007.0,32.0,107.0,9661.0,9443.0,91.0,89.0
,,2008.0,16.0,93.0,9219.0,8908.0,102.0,98.0
,,2009.0,20.0,86.0,8315.0,8198.0,100.0,98.0
,,2010.0,19.0,95.0,9325.0,9027.0,99.0,96.0
,,2011.0,21.0,100.0,9898.0,9413.0,113.0,108.0
,,2012.0,24.0,96.0,10806.0,10467.0,119.0,116.0
,,2013.0,25.0,108.0,10821.0,10466.0,107.0,103.0
,,2014.0,27.0,108.0,10976.0,10923.0,104.0,104.0
,,,,,,,,
,Sérbýli,,,,,,,
,,1990.0,11.0,173.0,7400.0,6750.0,42.0,38.0
,,1991.0,10.0,163.0,6504.0,5703.0,39.0,34.0
,,1992.0,9.0,214.0,8698.0,8076.0,42.0,39.0
,,1993.0,22.0,164.0,6620.0,6033.0,40.0,37.0
,,1994.0,20.0,170.0,7697.0,7309.0,44.0,42.0
,,1995.0,19.0,143.0,5867.0,5449.0,42.0,39.0
,,1996.0,29.0,163.0,8501.0,7972.0,53.0,50.0
,,1997.0,18.0,164.0,8097.0,7494.0,51.0,47.0
,,1998.0,22.0,179.0,8586.0,8290.0,48.0,47.0
,,1999.0,31.0,156.0,7382.0,7325.0,47.0,46.0
,,2000.0,19.0,154.0,7839.0,7337.0,49.0,46.0
,,2001.0,19.0,171.0,7154.0,6555.0,42.0,39.0
,,2002.0,26.0,187.0,8304.0,7728.0,44.0,41.0
,,2003.0,26.0,236.0,10105.0,9905.0,47.0,46.0
,,2004.0,31.0,187.0,10431.0,10384.0,56.0,56.0
,,2005.0,21.0,203.0,13688.0,13623.0,67.0,67.0
,,2006.0,24.0,172.0,15923.0,15725.0,93.0,92.0
,,2007.0,29.0,163.0,15398.0,14999.0,94.0,92.0
,,2008.0,9.0,204.0,16700.0,16019.0,88.0,84.0
,,2009.0,12.0,172.0,15463.0,14874.0,86.0,83.0
,,2010.0,11.0,206.0,20598.0,20192.0,101.0,99.0
,,2011.0,18.0,184.0,16189.0,15614.0,90.0,86.0
,,2012.0,20.0,186.0,18121.0,17219.0,97.0,92.0
,,2013.0,19.0,188.0,19077.0,18633.0,104.0,101.0
,,2014.0,27.0,183.0,18478.0,17993.0,101.0,98.0
,,,,,,,,
NORÐURLAND-VESTRA,,,,,,,,
,,,,,,,,
Sauðárkrókur,,,,,,,,
,Fjölbýli,,,,,,,
,,1990.0,6.0,78.0,3508.0,3026.0,45.0,39.0
,,1991.0,5.0,86.0,2800.0,2597.0,32.0,30.0
,,1992.0,6.0,111.0,4200.0,3878.0,36.0,33.0
,,1993.0,21.0,88.0,4511.0,4190.0,52.0,48.0
,,1994.0,12.0,93.0,4926.0,4730.0,55.0,53.0
,,1995.0,16.0,87.0,4536.0,4209.0,55.0,51.0
,,1996.0,5.0,121.0,5280.0,4990.0,44.0,42.0
,,1997.0,15.0,94.0,4729.0,4403.0,53.0,50.0
,,1998.0,20.0,96.0,4420.0,4285.0,50.0,48.0
,,1999.0,17.0,91.0,4804.0,4795.0,56.0,56.0
,,2000.0,17.0,94.0,4768.0,4450.0,53.0,49.0
,,2001.0,10.0,112.0,6255.0,5842.0,57.0,53.0
,,2002.0,5.0,158.0,7680.0,7289.0,50.0,48.0
,,2003.0,15.0,106.0,5753.0,5694.0,57.0,56.0
,,2004.0,20.0,121.0,7608.0,7539.0,64.0,64.0
,,2005.0,40.0,102.0,7821.0,7818.0,78.0,78.0
,,2006.0,23.0,94.0,8711.0,8542.0,97.0,95.0
,,2007.0,26.0,109.0,11273.0,10908.0,106.0,103.0
,,2008.0,9.0,84.0,9471.0,9274.0,115.0,113.0
,,2009.0,5.0,100.0,11320.0,10896.0,117.0,112.0
,,2010.0,21.0,108.0,12035.0,11563.0,115.0,111.0
,,2011.0,12.0,98.0,11159.0,10801.0,117.0,113.0
,,2012.0,10.0,80.0,10450.0,9884.0,130.0,124.0
,,2013.0,16.0,94.0,12245.0,11899.0,131.0,127.0
,,2014.0,10.0,89.0,10300.0,10211.0,117.0,116.0
,,,,,,,,
,Sérbýli,,,,,,,
,,1990.0,9.0,177.0,7181.0,6523.0,41.0,38.0
,,1991.0,7.0,142.0,5507.0,4926.0,39.0,35.0
,,1992.0,11.0,156.0,7065.0,6314.0,46.0,42.0
,,1993.0,19.0,143.0,7208.0,6637.0,51.0,47.0
,,1994.0,11.0,128.0,5973.0,5627.0,51.0,48.0
,,1995.0,27.0,166.0,7822.0,7266.0,48.0,45.0
,,1996.0,18.0,152.0,6882.0,6461.0,47.0,44.0
,,1997.0,28.0,169.0,8499.0,7893.0,52.0,48.0
,,1998.0,28.0,156.0,7094.0,6854.0,47.0,45.0
,,1999.0,28.0,158.0,7898.0,7751.0,52.0,51.0
,,2000.0,31.0,158.0,8561.0,8013.0,56.0,52.0
,,2001.0,34.0,149.0,8501.0,7902.0,59.0,54.0
,,2002.0,29.0,176.0,10469.0,9825.0,62.0,58.0
,,2003.0,22.0,143.0,8551.0,8364.0,61.0,59.0
,,2004.0,37.0,148.0,10486.0,10438.0,72.0,72.0
,,2005.0,51.0,148.0,13095.0,13057.0,92.0,91.0
,,2006.0,34.0,181.0,17515.0,17261.0,98.0,96.0
,,2007.0,20.0,162.0,19255.0,19005.0,123.0,121.0
,,2008.0,14.0,152.0,17332.0,16845.0,114.0,111.0
,,2009.0,18.0,159.0,18682.0,18026.0,119.0,115.0
,,2010.0,23.0,169.0,20810.0,20293.0,125.0,122.0
,,2011.0,27.0,153.0,22003.0,21234.0,149.0,143.0
,,2012.0,19.0,169.0,18208.0,17787.0,117.0,113.0
,,2013.0,19.0,158.0,22942.0,22348.0,146.0,143.0
,,2014.0,17.0,153.0,23999.0,23551.0,164.0,161.0
,,,,,,,,
,,,,,,,,
Blönduós,,,,,,,,
,Fjölbýli,,,,,,,
,,1990.0,2.0,-,-,-,-,-
,,1991.0,2.0,-,-,-,-,-
,,1996.0,2.0,-,-,-,-,-
,,1997.0,2.0,-,-,-,-,-
,,1998.0,3.0,180.0,5433.0,5426.0,30.0,30.0
,,1999.0,2.0,-,-,-,-,-
,,2000.0,2.0,-,-,-,-,-
,,2001.0,2.0,-,-,-,-,-
,,2002.0,6.0,133.0,6540.0,6147.0,47.0,46.0
,,2003.0,4.0,71.0,3375.0,3285.0,48.0,46.0
,,2004.0,2.0,-,-,-,-,-
,,2005.0,4.0,138.0,4775.0,4767.0,34.0,33.0
,,2006.0,9.0,115.0,5711.0,5633.0,45.0,44.0
,,2007.0,8.0,130.0,8718.0,8220.0,73.0,69.0
,,2008.0,4.0,94.0,5350.0,5337.0,64.0,63.0
,,2009.0,1.0,-,-,-,-,-
,,2011.0,3.0,95.0,4236.0,3997.0,39.0,37.0
,,2014.0,1.0,-,-,-,-,-
,,,,,,,,
,Sérbýli,,,,,,,
,,1990.0,4.0,171.0,5200.0,4481.0,31.0,27.0
,,1991.0,5.0,193.0,7210.0,6631.0,37.0,34.0
,,1992.0,4.0,176.0,5950.0,5174.0,34.0,29.0
,,1993.0,9.0,143.0,4922.0,4539.0,36.0,33.0
,,1994.0,10.0,199.0,6616.0,6369.0,36.0,35.0
,,1995.0,12.0,174.0,7163.0,6631.0,41.0,38.0
,,1996.0,8.0,156.0,5459.0,5105.0,35.0,32.0
,,1997.0,8.0,187.0,9661.0,9089.0,51.0,48.0
,,1998.0,8.0,163.0,6309.0,6025.0,40.0,39.0
,,1999.0,8.0,182.0,6254.0,6225.0,32.0,32.0
,,2000.0,8.0,167.0,5294.0,4792.0,33.0,29.0
,,2001.0,9.0,171.0,6755.0,6294.0,40.0,37.0
,,2002.0,11.0,168.0,6143.0,5845.0,36.0,34.0
,,2003.0,14.0,166.0,7204.0,7103.0,43.0,43.0
,,2004.0,14.0,155.0,6929.0,6937.0,45.0,45.0
,,2005.0,17.0,194.0,9568.0,9508.0,49.0,49.0
,,2006.0,20.0,157.0,9601.0,9375.0,68.0,65.0
,,2007.0,19.0,156.0,13876.0,13538.0,95.0,93.0
,,2008.0,21.0,159.0,14185.0,13676.0,95.0,92.0
,,2009.0,7.0,142.0,15401.0,14943.0,109.0,105.0
,,2010.0,4.0,136.0,15175.0,14796.0,108.0,105.0
,,2011.0,6.0,173.0,15771.0,15705.0,97.0,97.0
,,2012.0,8.0,137.0,12375.0,12348.0,95.0,96.0
,,2013.0,11.0,147.0,16059.0,15859.0,118.0,117.0
,,2014.0,8.0,152.0,14375.0,14369.0,97.0,98.0
,,,,,,,,
NORÐURLAND-EYSTRA,,,,,,,,
,,,,,,,,
Akureyri,,,,,,,,
,Fjölbýli,,,,,,,
,,1990.0,191.0,89.0,4459.0,3951.0,52.0,46.0
,,1991.0,147.0,86.0,4995.0,4337.0,60.0,52.0
,,1992.0,169.0,88.0,5150.0,4576.0,61.0,54.0
,,1993.0,202.0,89.0,5299.0,4846.0,63.0,58.0
,,1994.0,240.0,95.0,5485.0,5304.0,63.0,61.0
,,1995.0,197.0,94.0,5460.0,5086.0,62.0,57.0
,,1996.0,265.0,94.0,5632.0,5246.0,64.0,60.0
,,1997.0,222.0,93.0,5677.0,5296.0,64.0,60.0
,,1998.0,226.0,94.0,5967.0,5817.0,68.0,66.0
,,1999.0,372.0,91.0,6265.0,6238.0,73.0,73.0
,,2000.0,334.0,94.0,7385.0,6982.0,80.0,76.0
,,2001.0,254.0,90.0,7735.0,7160.0,90.0,84.0
,,2002.0,277.0,95.0,8633.0,8015.0,94.0,88.0
,,2003.0,246.0,94.0,9412.0,9241.0,103.0,101.0
,,2004.0,352.0,94.0,9973.0,9909.0,109.0,108.0
,,2005.0,584.0,93.0,11528.0,11460.0,127.0,126.0
,,2006.0,295.0,102.0,15926.0,15746.0,167.0,165.0
,,2007.0,328.0,89.0,15000.0,14579.0,172.0,167.0
,,2008.0,148.0,95.0,16617.0,15932.0,180.0,172.0
,,2009.0,95.0,91.0,14734.0,14204.0,165.0,159.0
,,2010.0,129.0,91.0,15523.0,14890.0,173.0,166.0
,,2011.0,181.0,93.0,15412.0,14945.0,170.0,165.0
,,2012.0,207.0,93.0,17853.0,17347.0,195.0,190.0
,,2013.0,275.0,98.0,18253.0,17811.0,191.0,186.0
,,2014.0,334.0,94.0,19285.0,18949.0,209.0,205.0
,,,,,,,,
,Sérbýli,,,,,,,
,,1990.0,88.0,157.0,7442.0,6734.0,49.0,44.0
,,1991.0,82.0,156.0,8488.0,7445.0,57.0,50.0
,,1992.0,83.0,153.0,8706.0,7842.0,59.0,53.0
,,1993.0,105.0,155.0,8520.0,7918.0,57.0,53.0
,,1994.0,110.0,168.0,9152.0,8718.0,57.0,54.0
,,1995.0,147.0,158.0,9186.0,8527.0,60.0,56.0
,,1996.0,144.0,154.0,9222.0,8515.0,62.0,57.0
,,1997.0,163.0,152.0,9165.0,8532.0,62.0,58.0
,,1998.0,172.0,163.0,9783.0,9467.0,62.0,60.0
,,1999.0,244.0,155.0,10042.0,9951.0,67.0,67.0
,,2000.0,197.0,160.0,11467.0,10847.0,74.0,70.0
,,2001.0,183.0,159.0,12013.0,11169.0,79.0,73.0
,,2002.0,181.0,156.0,12971.0,12073.0,88.0,82.0
,,2003.0,223.0,153.0,13446.0,13175.0,92.0,90.0
,,2004.0,233.0,160.0,15329.0,15185.0,100.0,99.0
,,2005.0,250.0,153.0,18797.0,18631.0,128.0,127.0
,,2006.0,138.0,141.0,22354.0,21938.0,163.0,160.0
,,2007.0,220.0,149.0,24671.0,23992.0,168.0,164.0
,,2008.0,86.0,156.0,27768.0,26662.0,181.0,174.0
,,2009.0,74.0,163.0,26164.0,24880.0,165.0,157.0
,,2010.0,90.0,162.0,27065.0,26154.0,170.0,164.0
,,2011.0,123.0,154.0,27207.0,26550.0,182.0,177.0
,,2012.0,125.0,157.0,29180.0,28583.0,189.0,185.0
,,2013.0,178.0,162.0,31463.0,30821.0,200.0,196.0
,,2014.0,182.0,162.0,32751.0,32141.0,208.0,204.0
,,,,,,,,
,,,,,,,,
Húsavík,,,,,,,,
,Fjölbýli,,,,,,,
,,1990.0,10.0,92.0,3655.0,3272.0,41.0,37.0
,,1991.0,12.0,78.0,3970.0,3502.0,53.0,47.0
,,1992.0,11.0,96.0,4421.0,4027.0,48.0,44.0
,,1993.0,11.0,111.0,4971.0,4532.0,49.0,45.0
,,1994.0,12.0,104.0,4898.0,4669.0,51.0,49.0
,,1995.0,12.0,96.0,4167.0,3973.0,45.0,43.0
,,1996.0,14.0,94.0,4625.0,4375.0,51.0,48.0
,,1997.0,13.0,87.0,4121.0,3903.0,52.0,49.0
,,1998.0,10.0,116.0,5455.0,5437.0,48.0,48.0
,,1999.0,10.0,116.0,6025.0,6000.0,57.0,56.0
,,2000.0,14.0,100.0,5127.0,4819.0,54.0,51.0
,,2001.0,10.0,122.0,6123.0,5586.0,52.0,47.0
,,2002.0,15.0,119.0,5298.0,4913.0,49.0,45.0
,,2003.0,14.0,108.0,6036.0,5862.0,57.0,55.0
,,2004.0,15.0,114.0,6231.0,6216.0,54.0,54.0
,,2005.0,34.0,103.0,7005.0,6995.0,72.0,72.0
,,2006.0,17.0,98.0,9096.0,9074.0,97.0,97.0
,,2007.0,19.0,91.0,9350.0,9218.0,104.0,102.0
,,2008.0,9.0,89.0,9626.0,9405.0,106.0,104.0
,,2009.0,4.0,103.0,9150.0,8749.0,84.0,81.0
,,2010.0,7.0,118.0,12383.0,12145.0,102.0,100.0
,,2011.0,6.0,86.0,8095.0,8076.0,96.0,95.0
,,2012.0,9.0,128.0,13311.0,12851.0,108.0,104.0
,,2013.0,14.0,89.0,9391.0,9216.0,104.0,102.0
,,2014.0,9.0,162.0,14250.0,14103.0,103.0,102.0
,,,,,,,,
,Sérbýli,,,,,,,
,,1990.0,4.0,161.0,7425.0,7048.0,47.0,45.0
,,1991.0,6.0,198.0,7174.0,6621.0,43.0,40.0
,,1992.0,7.0,166.0,6711.0,6215.0,39.0,36.0
,,1993.0,10.0,170.0,8201.0,7696.0,57.0,53.0
,,1994.0,10.0,172.0,6652.0,6393.0,41.0,39.0
,,1995.0,18.0,145.0,6763.0,6313.0,48.0,45.0
,,1996.0,29.0,172.0,7493.0,6927.0,45.0,42.0
,,1997.0,17.0,188.0,7714.0,7354.0,43.0,41.0
,,1998.0,26.0,186.0,8161.0,7944.0,45.0,43.0
,,1999.0,28.0,175.0,8009.0,7983.0,47.0,47.0
,,2000.0,16.0,155.0,6800.0,6211.0,42.0,39.0
,,2001.0,18.0,170.0,8425.0,7770.0,50.0,46.0
,,2002.0,30.0,160.0,7550.0,7059.0,48.0,45.0
,,2003.0,27.0,166.0,8375.0,8239.0,50.0,49.0
,,2004.0,37.0,170.0,10248.0,10240.0,62.0,62.0
,,2005.0,42.0,176.0,11749.0,11532.0,68.0,67.0
,,2006.0,21.0,149.0,13402.0,13263.0,88.0,87.0
,,2007.0,20.0,179.0,17841.0,17459.0,101.0,99.0
,,2008.0,8.0,176.0,13913.0,13636.0,79.0,78.0
,,2009.0,4.0,189.0,18661.0,18071.0,96.0,93.0
,,2010.0,16.0,160.0,17667.0,17300.0,110.0,107.0
,,2011.0,8.0,163.0,15719.0,15408.0,97.0,95.0
,,2012.0,12.0,181.0,18117.0,17811.0,104.0,102.0
,,2013.0,12.0,163.0,20488.0,20276.0,127.0,125.0
,,2014.0,20.0,157.0,18337.0,18280.0,120.0,119.0
,,,,,,,,
,,,,,,,,
Siglufjörður,,,,,,,,
,Fjölbýli,,,,,,,
,,1990.0,3.0,91.0,1050.0,1020.0,12.0,11.0
,,1991.0,2.0,-,-,-,-,-
,,1992.0,6.0,89.0,1802.0,1616.0,21.0,19.0
,,1993.0,16.0,109.0,2317.0,2169.0,21.0,20.0
,,1994.0,27.0,103.0,2733.0,2637.0,27.0,26.0
,,1995.0,16.0,139.0,3507.0,3356.0,27.0,25.0
,,1996.0,14.0,106.0,3250.0,3127.0,30.0,29.0
,,1997.0,15.0,115.0,3219.0,3071.0,26.0,25.0
,,1998.0,11.0,105.0,2134.0,2103.0,21.0,20.0
,,1999.0,10.0,114.0,3175.0,3122.0,26.0,26.0
,,2000.0,13.0,123.0,3880.0,3713.0,30.0,28.0
,,2001.0,11.0,90.0,2728.0,2543.0,28.0,27.0
,,2002.0,5.0,91.0,1845.0,1791.0,21.0,21.0
,,2003.0,11.0,88.0,2035.0,1992.0,24.0,24.0
,,2004.0,21.0,112.0,2496.0,2462.0,23.0,23.0
,,2005.0,37.0,106.0,3183.0,3196.0,29.0,29.0
,,2006.0,4.0,123.0,4763.0,4840.0,37.0,38.0
,,2007.0,6.0,92.0,5000.0,4924.0,52.0,51.0
,,2008.0,9.0,104.0,5226.0,5130.0,49.0,48.0
,,2009.0,8.0,115.0,6894.0,6872.0,55.0,55.0
,,2010.0,3.0,70.0,5467.0,5419.0,79.0,78.0
,,2011.0,12.0,112.0,8262.0,8106.0,71.0,70.0
,,2012.0,9.0,93.0,6290.0,6202.0,63.0,63.0
,,2013.0,6.0,92.0,7655.0,7469.0,84.0,82.0
,,2014.0,11.0,100.0,7357.0,7327.0,80.0,80.0
,,,,,,,,
,Sérbýli,,,,,,,
,,1990.0,5.0,207.0,5000.0,4471.0,24.0,22.0
,,1991.0,4.0,160.0,4025.0,3664.0,24.0,22.0
,,1992.0,11.0,149.0,3233.0,2936.0,22.0,20.0
,,1993.0,11.0,157.0,3770.0,3480.0,23.0,21.0
,,1994.0,15.0,162.0,4198.0,4046.0,27.0,25.0
,,1995.0,4.0,140.0,4725.0,4532.0,46.0,43.0
,,1996.0,15.0,166.0,6019.0,5612.0,37.0,34.0
,,1997.0,10.0,198.0,4935.0,4588.0,25.0,23.0
,,1998.0,8.0,167.0,5200.0,5042.0,30.0,29.0
,,1999.0,21.0,158.0,4911.0,4905.0,30.0,30.0
,,2000.0,11.0,174.0,5743.0,5394.0,31.0,29.0
,,2001.0,9.0,157.0,5217.0,4826.0,31.0,28.0
,,2002.0,6.0,169.0,6733.0,6256.0,40.0,37.0
,,2003.0,16.0,177.0,4497.0,4447.0,25.0,25.0
,,2004.0,23.0,164.0,3954.0,3927.0,22.0,22.0
,,2005.0,28.0,180.0,5746.0,5743.0,32.0,32.0
,,2006.0,7.0,162.0,5543.0,5523.0,38.0,39.0
,,2007.0,13.0,154.0,10150.0,9973.0,61.0,59.0
,,2008.0,14.0,154.0,11475.0,11201.0,71.0,70.0
,,2009.0,5.0,157.0,14180.0,13890.0,85.0,84.0
,,2010.0,2.0,-,-,-,-,-
,,2011.0,11.0,169.0,14059.0,13724.0,83.0,82.0
,,2012.0,13.0,131.0,11304.0,11218.0,87.0,87.0
,,2013.0,9.0,122.0,8494.0,8374.0,71.0,69.0
,,2014.0,8.0,182.0,14856.0,14310.0,80.0,78.0
,,,,,,,,
,,,,,,,,
Ólafsfjörður,,,,,,,,
,Fjölbýli,,,,,,,
,,1990.0,5.0,95.0,3170.0,2965.0,30.0,28.0
,,1991.0,4.0,123.0,4363.0,3908.0,37.0,33.0
,,1992.0,5.0,90.0,2664.0,2458.0,29.0,26.0
,,1993.0,6.0,102.0,3567.0,3259.0,35.0,32.0
,,1994.0,9.0,82.0,3045.0,2926.0,36.0,35.0
,,1995.0,3.0,116.0,4233.0,3992.0,38.0,36.0
,,1996.0,5.0,123.0,5800.0,5368.0,45.0,42.0
,,1997.0,3.0,74.0,2287.0,2232.0,30.0,30.0
,,1998.0,6.0,82.0,3122.0,3035.0,38.0,37.0
,,2000.0,2.0,-,-,-,-,-
,,2001.0,2.0,-,-,-,-,-
,,2002.0,4.0,108.0,4719.0,4452.0,45.0,43.0
,,2003.0,3.0,90.0,3483.0,3471.0,40.0,39.0
,,2004.0,3.0,123.0,7000.0,7021.0,58.0,58.0
,,2005.0,5.0,81.0,3960.0,3955.0,53.0,53.0
,,2007.0,8.0,104.0,6213.0,6121.0,60.0,59.0
,,2008.0,5.0,116.0,4344.0,4172.0,38.0,36.0
,,2009.0,2.0,-,-,-,-,-
,,2010.0,1.0,-,-,-,-,-
,,2011.0,3.0,119.0,5970.0,5759.0,49.0,47.0
,,2012.0,5.0,83.0,3420.0,3414.0,38.0,37.0
,,2013.0,3.0,77.0,3417.0,3417.0,41.0,41.0
,,2014.0,6.0,81.0,3983.0,3971.0,49.0,49.0
,,,,,,,,
,Sérbýli,,,,,,,
,,1990.0,2.0,-,-,-,-,-
,,1991.0,1.0,-,-,-,-,-
,,1992.0,9.0,130.0,6772.0,6144.0,53.0,49.0
,,1993.0,13.0,127.0,5073.0,4746.0,40.0,38.0
,,1994.0,3.0,164.0,4408.0,4357.0,35.0,35.0
,,1995.0,11.0,147.0,6447.0,6170.0,44.0,42.0
,,1996.0,5.0,150.0,8100.0,7456.0,52.0,49.0
,,1997.0,3.0,111.0,4888.0,4559.0,39.0,36.0
,,1998.0,14.0,140.0,6391.0,6345.0,47.0,46.0
,,1999.0,9.0,155.0,5878.0,5910.0,39.0,39.0
,,2000.0,8.0,167.0,6801.0,6373.0,40.0,37.0
,,2001.0,8.0,162.0,8794.0,8180.0,52.0,49.0
,,2002.0,10.0,155.0,8219.0,7575.0,53.0,48.0
,,2003.0,11.0,159.0,8450.0,8263.0,55.0,54.0
,,2004.0,13.0,155.0,7546.0,7676.0,48.0,49.0
,,2005.0,14.0,171.0,9229.0,9206.0,54.0,54.0
,,2006.0,12.0,141.0,8458.0,8239.0,58.0,56.0
,,2007.0,19.0,136.0,9442.0,9132.0,72.0,69.0
,,2008.0,5.0,144.0,10480.0,10282.0,75.0,73.0
,,2009.0,4.0,138.0,5875.0,5819.0,48.0,48.0
,,2010.0,6.0,175.0,15458.0,15081.0,86.0,84.0
,,2011.0,8.0,175.0,11800.0,11679.0,67.0,67.0
,,2012.0,7.0,141.0,12029.0,11976.0,82.0,81.0
,,2013.0,5.0,129.0,12960.0,12357.0,95.0,91.0
,,2014.0,11.0,142.0,12576.0,12374.0,89.0,87.0
,,,,,,,,
,,,,,,,,
Dalvík,,,,,,,,
,Fjölbýli,,,,,,,
,,1990.0,4.0,82.0,3463.0,2889.0,43.0,36.0
,,1991.0,2.0,-,-,-,-,-
,,1992.0,3.0,133.0,3718.0,3507.0,31.0,30.0
,,1993.0,11.0,140.0,5747.0,5373.0,44.0,42.0
,,1994.0,12.0,114.0,4661.0,4389.0,47.0,44.0
,,1995.0,3.0,88.0,4333.0,4010.0,50.0,47.0
,,1996.0,6.0,92.0,3930.0,3572.0,47.0,42.0
,,1997.0,2.0,-,-,-,-,-
,,1998.0,7.0,101.0,4315.0,4105.0,48.0,45.0
,,1999.0,4.0,87.0,4250.0,4271.0,51.0,51.0
,,2000.0,4.0,117.0,6825.0,6619.0,59.0,57.0
,,2001.0,5.0,120.0,5680.0,5328.0,47.0,44.0
,,2002.0,3.0,134.0,5383.0,5209.0,41.0,40.0
,,2003.0,8.0,103.0,5858.0,5817.0,60.0,60.0
,,2004.0,7.0,98.0,4829.0,4844.0,50.0,50.0
,,2005.0,8.0,94.0,6606.0,6661.0,74.0,75.0
,,2006.0,7.0,74.0,6640.0,6622.0,92.0,92.0
,,2007.0,15.0,94.0,7250.0,7021.0,78.0,75.0
,,2008.0,9.0,95.0,9133.0,8964.0,99.0,97.0
,,2009.0,4.0,78.0,9073.0,9030.0,118.0,117.0
,,2010.0,3.0,135.0,9247.0,9161.0,73.0,72.0
,,2011.0,3.0,70.0,6333.0,6202.0,95.0,93.0
,,2012.0,7.0,73.0,7571.0,7433.0,107.0,105.0
,,2013.0,4.0,81.0,8125.0,8097.0,103.0,103.0
,,2014.0,4.0,111.0,11397.0,11067.0,107.0,104.0
,,,,,,,,
,Sérbýli,,,,,,,
,,1990.0,6.0,193.0,5641.0,4871.0,30.0,26.0
,,1991.0,10.0,157.0,6022.0,5344.0,39.0,35.0
,,1992.0,9.0,126.0,6008.0,5236.0,50.0,44.0
,,1993.0,19.0,165.0,7166.0,6559.0,54.0,50.0
,,1994.0,18.0,163.0,7085.0,6701.0,44.0,42.0
,,1995.0,11.0,178.0,7639.0,7226.0,45.0,42.0
,,1996.0,20.0,165.0,7326.0,6868.0,46.0,43.0
,,1997.0,18.0,165.0,7867.0,7406.0,50.0,47.0
,,1998.0,13.0,150.0,6702.0,6559.0,47.0,46.0
,,1999.0,22.0,161.0,7784.0,7728.0,53.0,53.0
,,2000.0,19.0,160.0,8342.0,7858.0,54.0,50.0
,,2001.0,19.0,162.0,8898.0,8260.0,57.0,53.0
,,2002.0,14.0,122.0,7244.0,6668.0,62.0,57.0
,,2003.0,22.0,172.0,10009.0,9881.0,60.0,59.0
,,2004.0,29.0,155.0,10222.0,10150.0,68.0,67.0
,,2005.0,32.0,131.0,9493.0,9454.0,76.0,75.0
,,2006.0,15.0,138.0,12578.0,12476.0,94.0,93.0
,,2007.0,26.0,163.0,16395.0,16085.0,107.0,106.0
,,2008.0,26.0,150.0,15098.0,14500.0,103.0,99.0
,,2009.0,13.0,139.0,11688.0,11042.0,92.0,88.0
,,2010.0,14.0,163.0,17335.0,16800.0,115.0,112.0
,,2011.0,8.0,125.0,15521.0,15013.0,134.0,130.0
,,2012.0,11.0,135.0,22218.0,22001.0,162.0,161.0
,,2013.0,17.0,131.0,18170.0,17673.0,140.0,136.0
,,2014.0,11.0,140.0,19241.0,19161.0,142.0,142.0
,,,,,,,,
AUSTURLAND,,,,,,,,
,,,,,,,,
Seyðisfjörður,,,,,,,,
,Fjölbýli,,,,,,,
,,1990.0,3.0,160.0,2767.0,2574.0,18.0,16.0
,,1991.0,1.0,-,-,-,-,-
,,1992.0,1.0,-,-,-,-,-
,,1993.0,2.0,-,-,-,-,-
,,1996.0,1.0,-,-,-,-,-
,,1997.0,3.0,216.0,5492.0,5224.0,38.0,35.0
,,1998.0,7.0,112.0,3336.0,3199.0,34.0,33.0
,,1999.0,4.0,149.0,4334.0,4325.0,29.0,30.0
,,2000.0,3.0,99.0,4667.0,4359.0,48.0,45.0
,,2001.0,2.0,-,-,-,-,-
,,2002.0,2.0,-,-,-,-,-
,,2003.0,5.0,181.0,4580.0,4549.0,30.0,29.0
,,2004.0,4.0,130.0,5625.0,5660.0,45.0,46.0
,,2005.0,29.0,90.0,5828.0,5810.0,65.0,65.0
,,2006.0,5.0,132.0,7040.0,7016.0,52.0,51.0
,,2007.0,4.0,85.0,6525.0,6177.0,76.0,72.0
,,2008.0,3.0,99.0,5900.0,5887.0,59.0,59.0
,,2011.0,1.0,-,-,-,-,-
,,2012.0,2.0,-,-,-,-,-
,,2013.0,1.0,-,-,-,-,-
,,2014.0,5.0,88.0,7125.0,6977.0,82.0,80.0
,,,,,,,,
,Sérbýli,,,,,,,
,,1990.0,2.0,-,-,-,-,-
,,1991.0,3.0,146.0,5761.0,5188.0,39.0,35.0
,,1993.0,3.0,170.0,5078.0,4607.0,29.0,26.0
,,1994.0,5.0,112.0,2980.0,2894.0,25.0,24.0
,,1995.0,2.0,-,-,-,-,-
,,1996.0,5.0,175.0,3150.0,3012.0,18.0,17.0
,,1997.0,13.0,181.0,5131.0,4737.0,28.0,27.0
,,1998.0,9.0,190.0,6541.0,6248.0,33.0,32.0
,,1999.0,7.0,171.0,4829.0,4832.0,27.0,27.0
,,2000.0,13.0,183.0,5695.0,5367.0,35.0,33.0
,,2001.0,6.0,150.0,5833.0,5263.0,41.0,37.0
,,2002.0,6.0,147.0,5788.0,5457.0,37.0,35.0
,,2003.0,13.0,171.0,4297.0,4213.0,26.0,25.0
,,2004.0,8.0,180.0,7163.0,7105.0,39.0,38.0
,,2005.0,22.0,142.0,7530.0,7527.0,54.0,54.0
,,2006.0,7.0,171.0,8857.0,8885.0,51.0,51.0
,,2007.0,8.0,164.0,10013.0,9624.0,61.0,58.0
,,2008.0,9.0,163.0,10811.0,10442.0,71.0,69.0
,,2009.0,4.0,135.0,10995.0,10854.0,84.0,83.0
,,2010.0,4.0,158.0,9150.0,9122.0,60.0,60.0
,,2011.0,4.0,168.0,7925.0,7866.0,52.0,51.0
,,2012.0,7.0,123.0,9353.0,9312.0,79.0,79.0
,,2013.0,9.0,148.0,7928.0,7871.0,56.0,56.0
,,2014.0,6.0,186.0,11692.0,11626.0,63.0,62.0
,,,,,,,,
,,,,,,,,
Neskaupstaður,,,,,,,,
,Fjölbýli,,,,,,,
,,1990.0,3.0,140.0,4467.0,4043.0,32.0,29.0
,,1991.0,11.0,104.0,4157.0,3656.0,43.0,38.0
,,1992.0,6.0,78.0,2605.0,2233.0,34.0,29.0
,,1993.0,12.0,89.0,2904.0,2674.0,36.0,33.0
,,1994.0,11.0,101.0,3757.0,3587.0,35.0,33.0
,,1995.0,2.0,-,-,-,-,-
,,1996.0,5.0,129.0,4910.0,4643.0,38.0,36.0
,,1997.0,4.0,115.0,3456.0,3300.0,31.0,29.0
,,1998.0,8.0,94.0,3249.0,3077.0,37.0,36.0
,,1999.0,19.0,104.0,4183.0,4183.0,38.0,38.0
,,2000.0,8.0,87.0,3663.0,3362.0,45.0,42.0
,,2001.0,7.0,113.0,4557.0,4231.0,42.0,39.0
,,2002.0,11.0,106.0,4023.0,3717.0,38.0,35.0
,,2003.0,29.0,125.0,5105.0,5025.0,42.0,42.0
,,2004.0,19.0,106.0,7736.0,7662.0,81.0,80.0
,,2005.0,9.0,106.0,9215.0,9121.0,90.0,89.0
,,2006.0,18.0,104.0,9889.0,9763.0,101.0,100.0
,,2007.0,18.0,104.0,10861.0,10605.0,104.0,101.0
,,2008.0,9.0,99.0,10622.0,10150.0,102.0,97.0
,,2009.0,8.0,117.0,10785.0,10579.0,98.0,96.0
,,2010.0,9.0,118.0,10104.0,9592.0,95.0,91.0
,,2011.0,7.0,118.0,10893.0,10560.0,100.0,98.0
,,2012.0,13.0,93.0,11470.0,11037.0,124.0,120.0
,,2013.0,12.0,85.0,10420.0,10071.0,126.0,121.0
,,2014.0,14.0,108.0,10755.0,10419.0,107.0,103.0
,,,,,,,,
,Sérbýli,,,,,,,
,,1990.0,4.0,127.0,6425.0,5840.0,50.0,46.0
,,1991.0,7.0,149.0,6611.0,5876.0,44.0,39.0
,,1992.0,9.0,124.0,5748.0,5274.0,47.0,43.0
,,1993.0,14.0,154.0,6600.0,6110.0,43.0,39.0
,,1994.0,11.0,171.0,7003.0,6702.0,42.0,40.0
,,1995.0,4.0,204.0,6038.0,5536.0,30.0,28.0
,,1996.0,9.0,161.0,6339.0,5819.0,42.0,39.0
,,1997.0,9.0,126.0,5860.0,5433.0,47.0,43.0
,,1998.0,17.0,163.0,5161.0,5023.0,35.0,34.0
,,1999.0,24.0,143.0,6079.0,6026.0,42.0,42.0
,,2000.0,10.0,141.0,4838.0,4666.0,37.0,36.0
,,2001.0,8.0,150.0,5969.0,5478.0,41.0,38.0
,,2002.0,18.0,152.0,6443.0,5959.0,44.0,40.0
,,2003.0,25.0,171.0,8352.0,8179.0,53.0,52.0
,,2004.0,26.0,132.0,9187.0,9186.0,72.0,72.0
,,2005.0,24.0,155.0,13750.0,13687.0,92.0,91.0
,,2006.0,18.0,157.0,13848.0,13603.0,92.0,90.0
,,2007.0,27.0,143.0,14959.0,14734.0,108.0,106.0
,,2008.0,16.0,141.0,14447.0,13596.0,112.0,106.0
,,2009.0,10.0,148.0,13270.0,12237.0,98.0,92.0
,,2010.0,10.0,159.0,18653.0,18131.0,117.0,114.0
,,2011.0,11.0,166.0,18124.0,17491.0,115.0,111.0
,,2012.0,10.0,150.0,20642.0,19796.0,138.0,133.0
,,2013.0,6.0,107.0,15662.0,14861.0,144.0,137.0
,,2014.0,17.0,164.0,17211.0,16981.0,107.0,105.0
,,,,,,,,
,,,,,,,,
Eskifjörður,,,,,,,,
,Fjölbýli,,,,,,,
,,1990.0,2.0,-,-,-,-,-
,,1994.0,3.0,167.0,3588.0,3424.0,23.0,22.0
,,1996.0,6.0,103.0,4449.0,4214.0,43.0,41.0
,,1997.0,4.0,148.0,6859.0,6297.0,47.0,43.0
,,1998.0,2.0,-,-,-,-,-
,,1999.0,1.0,-,-,-,-,-
,,2000.0,7.0,83.0,3887.0,3632.0,47.0,44.0
,,2001.0,2.0,-,-,-,-,-
,,2002.0,1.0,-,-,-,-,-
,,2003.0,6.0,91.0,5825.0,5739.0,61.0,60.0
,,2004.0,10.0,115.0,9870.0,9828.0,82.0,82.0
,,2005.0,9.0,88.0,8489.0,8473.0,100.0,100.0
,,2006.0,8.0,98.0,11207.0,11042.0,116.0,114.0
,,2007.0,12.0,121.0,14456.0,14359.0,124.0,124.0
,,2008.0,5.0,92.0,6660.0,6501.0,81.0,78.0
,,2010.0,1.0,-,-,-,-,-
,,2012.0,4.0,110.0,11881.0,11456.0,110.0,106.0
,,2013.0,3.0,126.0,13484.0,12467.0,106.0,99.0
,,2014.0,3.0,102.0,12467.0,12417.0,121.0,121.0
,,,,,,,,
,Sérbýli,,,,,,,
,,1990.0,1.0,-,-,-,-,-
,,1991.0,4.0,126.0,3359.0,3126.0,26.0,25.0
,,1992.0,4.0,139.0,4763.0,4294.0,30.0,28.0
,,1993.0,1.0,-,-,-,-,-
,,1994.0,3.0,221.0,6733.0,6076.0,31.0,28.0
,,1995.0,10.0,159.0,6204.0,5725.0,38.0,35.0
,,1996.0,6.0,154.0,6430.0,5937.0,44.0,40.0
,,1997.0,7.0,188.0,6621.0,6100.0,38.0,35.0
,,1998.0,2.0,-,-,-,-,-
,,1999.0,10.0,177.0,6225.0,6117.0,34.0,34.0
,,2000.0,2.0,-,-,-,-,-
,,2001.0,5.0,146.0,7380.0,6733.0,51.0,47.0
,,2002.0,8.0,141.0,7063.0,6553.0,55.0,51.0
,,2003.0,11.0,164.0,8082.0,7947.0,50.0,49.0
,,2004.0,19.0,136.0,8914.0,8902.0,64.0,64.0
,,2005.0,22.0,180.0,13452.0,13357.0,78.0,78.0
,,2006.0,15.0,167.0,17193.0,17087.0,106.0,106.0
,,2007.0,22.0,151.0,18811.0,18155.0,125.0,120.0
,,2008.0,8.0,157.0,18538.0,17343.0,122.0,115.0
,,2009.0,3.0,220.0,20479.0,19525.0,102.0,98.0
,,2010.0,4.0,155.0,20328.0,18840.0,145.0,135.0
,,2011.0,3.0,200.0,18267.0,17485.0,98.0,92.0
,,2012.0,11.0,149.0,16219.0,15487.0,110.0,106.0
,,2013.0,11.0,172.0,17555.0,17118.0,101.0,99.0
,,2014.0,10.0,175.0,16894.0,16694.0,98.0,97.0
,,,,,,,,
,,,,,,,,
Reyðarfjörður,,,,,,,,
,Fjölbýli,,,,,,,
,,1991.0,1.0,-,-,-,-,-
,,1992.0,1.0,-,-,-,-,-
,,1993.0,1.0,-,-,-,-,-
,,1994.0,2.0,-,-,-,-,-
,,1995.0,1.0,-,-,-,-,-
,,1996.0,1.0,-,-,-,-,-
,,1998.0,4.0,139.0,5100.0,4953.0,37.0,37.0
,,1999.0,3.0,115.0,4767.0,4765.0,41.0,41.0
,,2000.0,5.0,83.0,1760.0,1706.0,23.0,23.0
,,2001.0,2.0,-,-,-,-,-
,,2002.0,1.0,-,-,-,-,-
,,2003.0,3.0,131.0,3067.0,2959.0,24.0,24.0
,,2004.0,3.0,184.0,12500.0,12617.0,68.0,69.0
,,2005.0,9.0,96.0,13531.0,13446.0,144.0,143.0
,,2006.0,13.0,75.0,13111.0,12389.0,176.0,166.0
,,2007.0,8.0,91.0,16193.0,16065.0,184.0,183.0
,,2008.0,11.0,91.0,15788.0,15537.0,178.0,175.0
,,2009.0,6.0,75.0,10104.0,9629.0,137.0,131.0
,,2010.0,2.0,-,-,-,-,-
,,2012.0,2.0,-,-,-,-,-
,,2013.0,4.0,107.0,16530.0,15748.0,171.0,165.0
,,2014.0,5.0,96.0,14520.0,14463.0,169.0,169.0
,,,,,,,,
,Sérbýli,,,,,,,
,,1990.0,1.0,-,-,-,-,-
,,1992.0,3.0,233.0,7350.0,6717.0,32.0,29.0
,,1993.0,1.0,-,-,-,-,-
,,1994.0,3.0,156.0,5117.0,4802.0,29.0,27.0
,,1995.0,5.0,175.0,7140.0,6908.0,42.0,40.0
,,1996.0,3.0,147.0,4327.0,3990.0,29.0,27.0
,,1997.0,9.0,169.0,4866.0,4560.0,30.0,28.0
,,1998.0,3.0,245.0,5900.0,5595.0,25.0,24.0
,,1999.0,10.0,174.0,6875.0,6851.0,41.0,40.0
,,2000.0,4.0,141.0,6213.0,5885.0,46.0,44.0
,,2001.0,5.0,153.0,7380.0,6785.0,47.0,43.0
,,2002.0,6.0,165.0,6908.0,6583.0,43.0,42.0
,,2003.0,15.0,168.0,7853.0,7629.0,50.0,49.0
,,2004.0,23.0,154.0,12465.0,12339.0,91.0,90.0
,,2005.0,28.0,148.0,17611.0,17494.0,122.0,122.0
,,2006.0,20.0,132.0,16054.0,15843.0,129.0,128.0
,,2007.0,31.0,147.0,20187.0,19853.0,139.0,137.0
,,2008.0,5.0,147.0,19640.0,18154.0,138.0,128.0
,,2009.0,5.0,145.0,16620.0,16008.0,114.0,110.0
,,2010.0,8.0,177.0,20000.0,19279.0,111.0,107.0
,,2011.0,7.0,166.0,21380.0,20933.0,133.0,130.0
,,2012.0,17.0,151.0,20113.0,19302.0,137.0,131.0
,,2013.0,11.0,148.0,16514.0,16258.0,113.0,111.0
,,2014.0,20.0,169.0,21556.0,21211.0,128.0,126.0
,,,,,,,,
,,,,,,,,
Búðahreppur,,,,,,,,
,Fjölbýli,,,,,,,
,,1992.0,1.0,-,-,-,-,-
,,1995.0,3.0,69.0,2933.0,2691.0,46.0,42.0
,,1996.0,2.0,-,-,-,-,-
,,1999.0,1.0,-,-,-,-,-
,,2003.0,3.0,103.0,3950.0,3799.0,45.0,43.0
,,2005.0,15.0,114.0,6779.0,6750.0,68.0,68.0
,,2006.0,14.0,84.0,7243.0,7140.0,87.0,86.0
,,2007.0,3.0,80.0,9100.0,8560.0,113.0,106.0
,,2008.0,3.0,82.0,10533.0,10233.0,129.0,125.0
,,2009.0,1.0,-,-,-,-,-
,,2010.0,3.0,217.0,14500.0,14476.0,70.0,70.0
,,2011.0,1.0,-,-,-,-,-
,,2012.0,1.0,-,-,-,-,-
,,2013.0,3.0,113.0,11099.0,10120.0,95.0,88.0
,,2014.0,2.0,-,-,-,-,-
,,,,,,,,
,Sérbýli,,,,,,,
,,1990.0,1.0,-,-,-,-,-
,,1991.0,1.0,-,-,-,-,-
,,1992.0,4.0,133.0,3988.0,3638.0,29.0,27.0
,,1993.0,7.0,137.0,4109.0,3893.0,31.0,29.0
,,1994.0,5.0,117.0,3840.0,3743.0,33.0,33.0
,,1995.0,2.0,-,-,-,-,-
,,1996.0,7.0,164.0,5521.0,5174.0,35.0,33.0
,,1997.0,4.0,74.0,1475.0,1414.0,19.0,19.0
,,1998.0,7.0,155.0,3300.0,3179.0,20.0,19.0
,,1999.0,4.0,176.0,4125.0,4011.0,25.0,25.0
,,2000.0,5.0,160.0,3380.0,3100.0,17.0,16.0
,,2001.0,6.0,154.0,5208.0,4709.0,33.0,30.0
,,2002.0,5.0,153.0,3260.0,3079.0,20.0,19.0
,,2003.0,14.0,151.0,4746.0,4721.0,33.0,33.0
,,2004.0,14.0,165.0,7664.0,7551.0,48.0,48.0
,,2005.0,21.0,131.0,8202.0,8204.0,64.0,64.0
,,2006.0,5.0,164.0,12260.0,12201.0,74.0,74.0
,,2007.0,9.0,173.0,12967.0,12733.0,76.0,75.0
,,2008.0,8.0,127.0,10697.0,10398.0,85.0,83.0
,,2009.0,6.0,124.0,8617.0,8502.0,88.0,87.0
,,2010.0,3.0,160.0,11387.0,11377.0,79.0,79.0
,,2011.0,8.0,150.0,12875.0,12451.0,85.0,83.0
,,2012.0,6.0,165.0,15627.0,15425.0,95.0,94.0
,,2013.0,5.0,140.0,7800.0,7495.0,54.0,51.0
,,2014.0,4.0,119.0,17621.0,16919.0,144.0,139.0
,,,,,,,,
,,,,,,,,
Egilsstaðir,,,,,,,,
,Fjölbýli,,,,,,,
,,1991.0,6.0,108.0,4571.0,4072.0,44.0,38.0
,,1992.0,3.0,161.0,6817.0,6241.0,52.0,47.0
,,1993.0,9.0,64.0,3903.0,3576.0,61.0,56.0
,,1994.0,8.0,135.0,5660.0,5432.0,51.0,49.0
,,1995.0,12.0,80.0,4606.0,4350.0,64.0,60.0
,,1996.0,12.0,108.0,6092.0,5722.0,59.0,55.0
,,1997.0,17.0,94.0,6160.0,5616.0,69.0,63.0
,,1998.0,13.0,98.0,5262.0,5111.0,60.0,58.0
,,1999.0,23.0,120.0,6955.0,6841.0,63.0,62.0
,,2000.0,16.0,112.0,6211.0,5839.0,61.0,57.0
,,2001.0,15.0,120.0,7726.0,7110.0,68.0,63.0
,,2002.0,14.0,96.0,7329.0,6830.0,79.0,73.0
,,2003.0,13.0,80.0,6992.0,6879.0,92.0,91.0
,,2004.0,31.0,101.0,10234.0,10189.0,108.0,107.0
,,2005.0,56.0,105.0,13517.0,13434.0,138.0,137.0
,,2006.0,31.0,90.0,15372.0,14805.0,172.0,165.0
,,2007.0,44.0,93.0,15823.0,15287.0,175.0,169.0
,,2008.0,23.0,82.0,15488.0,14973.0,186.0,181.0
,,2009.0,5.0,86.0,13224.0,12389.0,159.0,150.0
,,2010.0,17.0,95.0,15373.0,15266.0,164.0,163.0
,,2011.0,17.0,87.0,13561.0,13194.0,164.0,159.0
,,2012.0,16.0,100.0,15717.0,15181.0,159.0,154.0
,,2013.0,26.0,99.0,14005.0,13868.0,157.0,155.0
,,2014.0,16.0,94.0,15341.0,15171.0,162.0,161.0
,,,,,,,,
,Sérbýli,,,,,,,
,,1990.0,2.0,-,-,-,-,-
,,1991.0,5.0,188.0,6520.0,5828.0,36.0,32.0
,,1992.0,4.0,150.0,6780.0,6067.0,47.0,42.0
,,1994.0,7.0,186.0,7038.0,6704.0,42.0,40.0
,,1995.0,10.0,168.0,8345.0,7829.0,53.0,50.0
,,1996.0,9.0,140.0,8174.0,7337.0,61.0,55.0
,,1997.0,17.0,140.0,7481.0,6981.0,57.0,53.0
,,1998.0,9.0,159.0,8347.0,8112.0,57.0,56.0
,,1999.0,24.0,187.0,9606.0,9472.0,56.0,55.0
,,2000.0,25.0,159.0,9011.0,8427.0,58.0,55.0
,,2001.0,8.0,155.0,7622.0,7066.0,59.0,55.0
,,2002.0,16.0,143.0,10545.0,9713.0,82.0,76.0
,,2003.0,22.0,183.0,13644.0,13430.0,79.0,78.0
,,2004.0,33.0,159.0,14193.0,13974.0,96.0,95.0
,,2005.0,39.0,164.0,18782.0,18530.0,122.0,121.0
,,2006.0,31.0,154.0,22500.0,21911.0,152.0,148.0
,,2007.0,36.0,148.0,22994.0,22402.0,163.0,159.0
,,2008.0,18.0,144.0,21974.0,21193.0,162.0,156.0
,,2009.0,12.0,198.0,21539.0,20632.0,128.0,121.0
,,2010.0,16.0,168.0,20991.0,20380.0,141.0,137.0
,,2011.0,23.0,137.0,20913.0,20109.0,160.0,154.0
,,2012.0,21.0,144.0,20962.0,20634.0,152.0,150.0
,,2013.0,31.0,173.0,25132.0,24583.0,151.0,148.0
,,2014.0,27.0,168.0,26135.0,25908.0,161.0,160.0
,,,,,,,,
,,,,,,,,
Höfn,,,,,,,,
,Fjölbýli,,,,,,,
,,1990.0,2.0,-,-,-,-,-
,,1991.0,9.0,99.0,4190.0,3642.0,45.0,39.0
,,1992.0,6.0,99.0,5550.0,4998.0,59.0,53.0
,,1993.0,8.0,105.0,6688.0,6160.0,69.0,63.0
,,1994.0,8.0,83.0,5250.0,4905.0,66.0,61.0
,,1995.0,8.0,94.0,4929.0,4596.0,56.0,52.0
,,1996.0,18.0,93.0,5774.0,5443.0,64.0,61.0
,,1997.0,23.0,92.0,5782.0,5473.0,67.0,63.0
,,1998.0,13.0,91.0,5472.0,5347.0,64.0,62.0
,,1999.0,26.0,95.0,6359.0,6410.0,68.0,69.0
,,2000.0,18.0,99.0,6432.0,6029.0,67.0,63.0
,,2001.0,14.0,99.0,6520.0,6011.0,68.0,62.0
,,2002.0,12.0,89.0,6271.0,5956.0,72.0,69.0
,,2003.0,12.0,117.0,6087.0,6022.0,54.0,53.0
,,2004.0,8.0,126.0,7025.0,7051.0,55.0,56.0
,,2005.0,24.0,95.0,6975.0,6867.0,75.0,74.0
,,2006.0,14.0,93.0,5893.0,5847.0,62.0,61.0
,,2007.0,23.0,100.0,6926.0,6814.0,75.0,73.0
,,2008.0,10.0,102.0,6400.0,6130.0,67.0,64.0
,,2009.0,13.0,100.0,8085.0,7904.0,81.0,79.0
,,2010.0,21.0,84.0,8061.0,7909.0,101.0,99.0
,,2011.0,10.0,88.0,8987.0,8757.0,105.0,103.0
,,2012.0,8.0,98.0,10448.0,10041.0,110.0,105.0
,,2013.0,15.0,102.0,10543.0,10182.0,108.0,104.0
,,2014.0,10.0,101.0,13620.0,13227.0,139.0,136.0
,,,,,,,,
,Sérbýli,,,,,,,
,,1990.0,10.0,139.0,6218.0,5771.0,61.0,57.0
,,1991.0,12.0,138.0,7913.0,6959.0,66.0,58.0
,,1992.0,5.0,116.0,8280.0,7478.0,93.0,84.0
,,1993.0,13.0,138.0,7235.0,6546.0,59.0,54.0
,,1994.0,7.0,157.0,8086.0,7758.0,53.0,51.0
,,1995.0,7.0,158.0,7900.0,7416.0,51.0,48.0
,,1996.0,20.0,188.0,9585.0,8980.0,53.0,50.0
,,1997.0,21.0,152.0,8512.0,8035.0,66.0,62.0
,,1998.0,12.0,190.0,11305.0,10979.0,71.0,68.0
,,1999.0,36.0,163.0,8837.0,8750.0,56.0,56.0
,,2000.0,22.0,173.0,9409.0,8872.0,58.0,55.0
,,2001.0,19.0,156.0,8698.0,8009.0,56.0,51.0
,,2002.0,14.0,178.0,9016.0,8454.0,51.0,48.0
,,2003.0,28.0,165.0,9803.0,9659.0,61.0,60.0
,,2004.0,17.0,172.0,8376.0,8351.0,49.0,48.0
,,2005.0,26.0,176.0,10027.0,10007.0,60.0,60.0
,,2006.0,30.0,161.0,10349.0,10263.0,66.0,65.0
,,2007.0,27.0,170.0,13233.0,12922.0,79.0,77.0
,,2008.0,16.0,161.0,14602.0,14127.0,90.0,87.0
,,2009.0,21.0,148.0,13919.0,13633.0,96.0,94.0
,,2010.0,15.0,156.0,16366.0,15896.0,105.0,102.0
,,2011.0,13.0,188.0,19017.0,18620.0,100.0,97.0
,,2012.0,15.0,149.0,17581.0,17245.0,119.0,117.0
,,2013.0,16.0,164.0,20821.0,20466.0,130.0,128.0
,,2014.0,12.0,155.0,22058.0,21642.0,148.0,145.0
,,,,,,,,
SUÐURLAND,,,,,,,,
,,,,,,,,
Vestmannaeyjar,,,,,,,,
,Fjölbýli,,,,,,,
,,1990.0,27.0,108.0,3880.0,3484.0,36.0,32.0
,,1991.0,40.0,91.0,3819.0,3360.0,44.0,39.0
,,1992.0,34.0,102.0,3934.0,3491.0,42.0,37.0
,,1993.0,31.0,92.0,3805.0,3486.0,41.0,38.0
,,1994.0,53.0,107.0,4552.0,4312.0,45.0,43.0
,,1995.0,44.0,104.0,4314.0,3987.0,44.0,40.0
,,1996.0,39.0,113.0,4511.0,4211.0,44.0,41.0
,,1997.0,39.0,113.0,4524.0,4196.0,42.0,39.0
,,1998.0,43.0,109.0,4785.0,4605.0,46.0,45.0
,,1999.0,38.0,102.0,4413.0,4357.0,44.0,44.0
,,2000.0,39.0,113.0,5019.0,4731.0,51.0,48.0
,,2001.0,54.0,104.0,5630.0,5195.0,55.0,51.0
,,2002.0,37.0,122.0,5778.0,5440.0,50.0,47.0
,,2003.0,35.0,130.0,6084.0,5975.0,51.0,50.0
,,2004.0,29.0,116.0,6331.0,6363.0,59.0,59.0
,,2005.0,74.0,108.0,5471.0,5452.0,52.0,52.0
,,2006.0,63.0,110.0,5564.0,5523.0,52.0,51.0
,,2007.0,78.0,99.0,6745.0,6653.0,69.0,69.0
,,2008.0,42.0,113.0,10183.0,9833.0,91.0,88.0
,,2009.0,38.0,104.0,10617.0,10328.0,104.0,101.0
,,2010.0,44.0,101.0,10958.0,10798.0,111.0,110.0
,,2011.0,56.0,99.0,12834.0,12605.0,131.0,129.0
,,2012.0,41.0,106.0,13276.0,13064.0,130.0,128.0
,,2013.0,47.0,107.0,15303.0,15098.0,144.0,142.0
,,2014.0,50.0,98.0,15287.0,15032.0,161.0,158.0
,,,,,,,,
,Sérbýli,,,,,,,
,,1990.0,10.0,178.0,5960.0,5477.0,34.0,31.0
,,1991.0,12.0,186.0,7108.0,6134.0,38.0,33.0
,,1992.0,19.0,143.0,5584.0,5006.0,40.0,36.0
,,1993.0,35.0,176.0,6645.0,6107.0,38.0,35.0
,,1994.0,45.0,175.0,6738.0,6324.0,38.0,36.0
,,1995.0,44.0,166.0,6693.0,6134.0,41.0,37.0
,,1996.0,35.0,158.0,7026.0,6541.0,47.0,44.0
,,1997.0,37.0,175.0,7327.0,6746.0,43.0,39.0
,,1998.0,51.0,176.0,7171.0,6932.0,43.0,42.0
,,1999.0,55.0,182.0,8439.0,8329.0,47.0,47.0
,,2000.0,43.0,182.0,8803.0,8276.0,49.0,46.0
,,2001.0,49.0,183.0,9753.0,9065.0,56.0,52.0
,,2002.0,36.0,173.0,8498.0,7903.0,51.0,47.0
,,2003.0,49.0,174.0,9351.0,9190.0,56.0,55.0
,,2004.0,35.0,195.0,11317.0,11388.0,60.0,60.0
,,2005.0,60.0,176.0,10626.0,10540.0,62.0,61.0
,,2006.0,58.0,160.0,11701.0,11505.0,74.0,72.0
,,2007.0,75.0,167.0,13386.0,13090.0,84.0,82.0
,,2008.0,39.0,173.0,16589.0,15903.0,96.0,92.0
,,2009.0,33.0,178.0,18840.0,18258.0,106.0,103.0
,,2010.0,37.0,171.0,19367.0,18902.0,114.0,111.0
,,2011.0,58.0,181.0,22595.0,22026.0,128.0,124.0
,,2012.0,35.0,165.0,22462.0,22042.0,141.0,138.0
,,2013.0,41.0,168.0,24759.0,24378.0,154.0,152.0
,,2014.0,51.0,172.0,24804.0,24340.0,147.0,144.0
,,,,,,,,
,,,,,,,,
Selfoss,,,,,,,,
,Fjölbýli,,,,,,,
,,1990.0,19.0,91.0,4400.0,3951.0,52.0,47.0
,,1991.0,23.0,82.0,4309.0,3671.0,56.0,48.0
,,1992.0,29.0,93.0,5111.0,4539.0,61.0,54.0
,,1993.0,20.0,91.0,5300.0,4798.0,61.0,55.0
,,1994.0,30.0,94.0,5356.0,5117.0,60.0,58.0
,,1995.0,20.0,79.0,4892.0,4551.0,64.0,60.0
,,1996.0,31.0,80.0,4570.0,4277.0,60.0,57.0
,,1997.0,42.0,88.0,4796.0,4472.0,58.0,54.0
,,1998.0,39.0,94.0,5300.0,5151.0,59.0,58.0
,,1999.0,62.0,103.0,5722.0,5676.0,61.0,60.0
,,2000.0,47.0,89.0,6566.0,6132.0,78.0,73.0
,,2001.0,59.0,82.0,7799.0,7203.0,99.0,92.0
,,2002.0,47.0,90.0,8461.0,7857.0,98.0,91.0
,,2003.0,62.0,90.0,9019.0,8862.0,102.0,101.0
,,2004.0,67.0,90.0,9690.0,9497.0,113.0,111.0
,,2005.0,150.0,92.0,12949.0,12850.0,145.0,144.0
,,2006.0,68.0,86.0,14224.0,14054.0,170.0,168.0
,,2007.0,85.0,93.0,16397.0,15886.0,182.0,176.0
,,2008.0,52.0,93.0,18602.0,17972.0,207.0,200.0
,,2009.0,7.0,97.0,20181.0,19481.0,209.0,201.0
,,2010.0,11.0,84.0,15753.0,14937.0,187.0,178.0
,,2011.0,19.0,86.0,17163.0,16457.0,204.0,197.0
,,2012.0,21.0,97.0,15031.0,14592.0,160.0,155.0
,,2013.0,28.0,89.0,14536.0,14232.0,168.0,164.0
,,2014.0,32.0,94.0,16052.0,15847.0,177.0,174.0
,,,,,,,,
,Sérbýli,,,,,,,
,,1990.0,20.0,162.0,6454.0,5869.0,41.0,37.0
,,1991.0,24.0,153.0,6930.0,6241.0,47.0,42.0
,,1992.0,23.0,145.0,7544.0,6782.0,53.0,48.0
,,1993.0,28.0,162.0,8449.0,7689.0,54.0,49.0
,,1994.0,53.0,152.0,7559.0,7144.0,52.0,50.0
,,1995.0,38.0,145.0,7038.0,6523.0,50.0,46.0
,,1996.0,48.0,158.0,7612.0,7053.0,50.0,46.0
,,1997.0,56.0,160.0,8084.0,7498.0,52.0,48.0
,,1998.0,80.0,164.0,8518.0,8279.0,54.0,53.0
,,1999.0,122.0,165.0,9108.0,9058.0,57.0,57.0
,,2000.0,99.0,156.0,10330.0,9687.0,69.0,65.0
,,2001.0,68.0,162.0,11640.0,10782.0,73.0,68.0
,,2002.0,70.0,164.0,12832.0,11949.0,80.0,74.0
,,2003.0,102.0,159.0,13524.0,13157.0,88.0,86.0
,,2004.0,120.0,161.0,14783.0,14714.0,96.0,95.0
,,2005.0,145.0,160.0,20293.0,20087.0,131.0,129.0
,,2006.0,107.0,151.0,23941.0,23368.0,164.0,160.0
,,2007.0,123.0,158.0,25981.0,25230.0,168.0,163.0
,,2008.0,48.0,150.0,26082.0,25092.0,177.0,170.0
,,2009.0,19.0,172.0,25598.0,24288.0,152.0,144.0
,,2010.0,32.0,171.0,26437.0,25221.0,155.0,148.0
,,2011.0,58.0,163.0,25634.0,24730.0,160.0,154.0
,,2012.0,59.0,163.0,24269.0,23265.0,153.0,147.0
,,2013.0,98.0,167.0,26190.0,25544.0,158.0,154.0
,,2014.0,105.0,169.0,26538.0,26157.0,158.0,156.0
,,,,,,,,
,,,,,,,,
Eyrarbakki,,,,,,,,
,Fjölbýli,,,,,,,
,,1994.0,2.0,-,-,-,-,-
,,1995.0,1.0,-,-,-,-,-
,,1997.0,1.0,-,-,-,-,-
,,1998.0,1.0,-,-,-,-,-
,,1999.0,2.0,-,-,-,-,-
,,2001.0,1.0,-,-,-,-,-
,,2003.0,1.0,-,-,-,-,-
,,2004.0,1.0,-,-,-,-,-
,,2005.0,1.0,-,-,-,-,-
,,2007.0,1.0,-,-,-,-,-
,,2008.0,1.0,-,-,-,-,-
,,2009.0,1.0,-,-,-,-,-
,,2014.0,1.0,-,-,-,-,-
,,,,,,,,
,Sérbýli,,,,,,,
,,1990.0,3.0,199.0,3515.0,3198.0,21.0,20.0
,,1991.0,1.0,-,-,-,-,-
,,1992.0,5.0,146.0,5560.0,4931.0,38.0,33.0
,,1993.0,4.0,106.0,3844.0,3486.0,38.0,35.0
,,1994.0,10.0,132.0,4505.0,4262.0,35.0,33.0
,,1995.0,7.0,109.0,3115.0,2932.0,28.0,27.0
,,1996.0,9.0,135.0,5468.0,5070.0,41.0,38.0
,,1997.0,8.0,148.0,4566.0,4206.0,31.0,28.0
,,1998.0,14.0,148.0,3886.0,3795.0,32.0,31.0
,,1999.0,14.0,142.0,3750.0,3798.0,29.0,29.0
,,2000.0,15.0,143.0,5777.0,5375.0,42.0,38.0
,,2001.0,11.0,190.0,8295.0,7559.0,49.0,45.0
,,2002.0,8.0,156.0,9206.0,8585.0,60.0,55.0
,,2003.0,6.0,132.0,8225.0,8106.0,62.0,62.0
,,2004.0,6.0,123.0,7175.0,7200.0,71.0,71.0
,,2005.0,18.0,140.0,11844.0,11721.0,90.0,90.0
,,2006.0,15.0,176.0,17097.0,16926.0,103.0,102.0
,,2007.0,8.0,116.0,14494.0,13671.0,137.0,130.0
,,2008.0,8.0,161.0,21881.0,21504.0,138.0,136.0
,,2009.0,4.0,148.0,13050.0,12833.0,90.0,88.0
,,2010.0,3.0,193.0,18592.0,18519.0,101.0,100.0
,,2011.0,8.0,125.0,14050.0,13636.0,119.0,116.0
,,2012.0,3.0,152.0,23310.0,21991.0,153.0,144.0
,,2013.0,8.0,104.0,13163.0,12798.0,143.0,139.0
,,2014.0,7.0,147.0,19556.0,18710.0,138.0,132.0
,,,,,,,,
,,,,,,,,
Hvolsvöllur,,,,,,,,
,Fjölbýli,,,,,,,
,,1993.0,1.0,-,-,-,-,-
,,1995.0,1.0,-,-,-,-,-
,,1998.0,1.0,-,-,-,-,-
,,2001.0,1.0,-,-,-,-,-
,,2002.0,1.0,-,-,-,-,-
,,2003.0,1.0,-,-,-,-,-
,,2004.0,2.0,-,-,-,-,-
,,2005.0,3.0,55.0,4483.0,4483.0,82.0,82.0
,,2007.0,6.0,100.0,13776.0,13556.0,138.0,136.0
,,2008.0,1.0,-,-,-,-,-
,,2012.0,1.0,-,-,-,-,-
,,2014.0,1.0,-,-,-,-,-
,,,,,,,,
,Sérbýli,,,,,,,
,,1990.0,3.0,172.0,4567.0,4251.0,26.0,25.0
,,1991.0,5.0,155.0,4900.0,4485.0,31.0,29.0
,,1992.0,5.0,151.0,5880.0,5338.0,40.0,36.0
,,1993.0,6.0,113.0,5538.0,5001.0,51.0,46.0
,,1994.0,2.0,-,-,-,-,-
,,1995.0,5.0,138.0,6270.0,5727.0,46.0,42.0
,,1996.0,9.0,165.0,6194.0,5870.0,37.0,35.0
,,1997.0,8.0,134.0,6246.0,5821.0,50.0,46.0
,,1998.0,7.0,148.0,6964.0,6915.0,50.0,49.0
,,1999.0,15.0,166.0,7115.0,7034.0,44.0,44.0
,,2000.0,12.0,152.0,8080.0,7706.0,55.0,53.0
,,2001.0,8.0,166.0,8969.0,8269.0,56.0,51.0
,,2002.0,16.0,156.0,8633.0,8086.0,59.0,55.0
,,2003.0,9.0,133.0,10000.0,9925.0,77.0,76.0
,,2004.0,15.0,149.0,10168.0,10060.0,70.0,69.0
,,2005.0,23.0,142.0,12922.0,12828.0,95.0,95.0
,,2006.0,11.0,157.0,16186.0,15730.0,107.0,104.0
,,2007.0,25.0,122.0,16262.0,15811.0,137.0,134.0
,,2008.0,8.0,139.0,20953.0,20106.0,158.0,151.0
,,2009.0,3.0,161.0,23333.0,23191.0,149.0,148.0
,,2010.0,11.0,160.0,18353.0,17740.0,128.0,124.0
,,2011.0,9.0,149.0,19278.0,19073.0,142.0,141.0
,,2012.0,5.0,114.0,20280.0,19767.0,184.0,180.0
,,2013.0,8.0,137.0,19569.0,19042.0,145.0,141.0
,,2014.0,18.0,157.0,20694.0,19998.0,140.0,135.0
,,,,,,,,
,,,,,,,,
Hella,,,,,,,,
,Fjölbýli,,,,,,,
,,1994.0,1.0,-,-,-,-,-
,,1995.0,2.0,-,-,-,-,-
,,1996.0,1.0,-,-,-,-,-
,,1997.0,1.0,-,-,-,-,-
,,1998.0,2.0,-,-,-,-,-
,,1999.0,2.0,-,-,-,-,-
,,2000.0,2.0,-,-,-,-,-
,,2001.0,1.0,-,-,-,-,-
,,2002.0,2.0,-,-,-,-,-
,,2003.0,1.0,-,-,-,-,-
,,2004.0,8.0,74.0,6613.0,6602.0,89.0,89.0
,,2005.0,3.0,72.0,8400.0,8389.0,116.0,116.0
,,2006.0,6.0,82.0,10500.0,10417.0,126.0,125.0
,,2007.0,3.0,75.0,10600.0,10183.0,142.0,136.0
,,2008.0,2.0,-,-,-,-,-
,,2009.0,3.0,113.0,12100.0,12088.0,111.0,111.0
,,2010.0,2.0,-,-,-,-,-
,,2013.0,2.0,-,-,-,-,-
,,2014.0,1.0,-,-,-,-,-
,,,,,,,,
,Sérbýli,,,,,,,
,,1991.0,5.0,185.0,7054.0,6544.0,40.0,37.0
,,1992.0,4.0,136.0,6125.0,5386.0,46.0,41.0
,,1993.0,3.0,119.0,6024.0,5743.0,49.0,47.0
,,1994.0,6.0,149.0,6233.0,6035.0,42.0,41.0
,,1995.0,7.0,158.0,7500.0,6918.0,48.0,45.0
,,1996.0,7.0,108.0,5557.0,5066.0,53.0,48.0
,,1997.0,4.0,153.0,7781.0,7298.0,52.0,49.0
,,1998.0,8.0,133.0,6213.0,6047.0,48.0,47.0
,,1999.0,6.0,107.0,4967.0,4979.0,50.0,50.0
,,2000.0,9.0,167.0,8189.0,7690.0,51.0,48.0
,,2001.0,8.0,141.0,6675.0,6199.0,50.0,47.0
,,2002.0,17.0,149.0,9193.0,8720.0,67.0,64.0
,,2003.0,9.0,145.0,9428.0,9424.0,72.0,72.0
,,2004.0,13.0,151.0,11969.0,11835.0,81.0,80.0
,,2005.0,8.0,142.0,12338.0,12321.0,98.0,98.0
,,2006.0,9.0,151.0,17511.0,17213.0,117.0,115.0
,,2007.0,15.0,149.0,17220.0,16935.0,119.0,117.0
,,2008.0,8.0,132.0,18369.0,17043.0,138.0,128.0
,,2009.0,1.0,-,-,-,-,-
,,2010.0,3.0,186.0,17833.0,17010.0,96.0,92.0
,,2011.0,3.0,146.0,17900.0,17215.0,122.0,118.0
,,2012.0,7.0,134.0,17271.0,16617.0,132.0,128.0
,,2013.0,8.0,176.0,18450.0,18058.0,113.0,110.0
,,2014.0,7.0,152.0,21030.0,20197.0,137.0,132.0
,,,,,,,,
,,,,,,,,
Hveragerði,,,,,,,,
,Fjölbýli,,,,,,,
,,1990.0,2.0,-,-,-,-,-
,,1991.0,4.0,66.0,3109.0,2768.0,54.0,51.0
,,1992.0,1.0,-,-,-,-,-
,,1993.0,2.0,-,-,-,-,-
,,1994.0,10.0,86.0,4949.0,4738.0,62.0,59.0
,,1996.0,5.0,70.0,3910.0,3692.0,60.0,57.0
,,1997.0,1.0,-,-,-,-,-
,,1998.0,5.0,149.0,5000.0,5028.0,46.0,45.0
,,1999.0,1.0,-,-,-,-,-
,,2000.0,8.0,62.0,4563.0,4296.0,74.0,70.0
,,2001.0,3.0,114.0,6600.0,6146.0,69.0,64.0
,,2003.0,7.0,86.0,6614.0,6587.0,99.0,98.0
,,2004.0,6.0,127.0,10608.0,10409.0,99.0,98.0
,,2005.0,12.0,66.0,9286.0,9221.0,142.0,141.0
,,2006.0,12.0,89.0,13650.0,13500.0,154.0,152.0
,,2007.0,8.0,83.0,14388.0,14039.0,181.0,177.0
,,2008.0,2.0,-,-,-,-,-
,,2009.0,1.0,-,-,-,-,-
,,2010.0,1.0,-,-,-,-,-
,,2011.0,2.0,-,-,-,-,-
,,2012.0,2.0,-,-,-,-,-
,,2013.0,1.0,-,-,-,-,-
,,2014.0,12.0,103.0,14600.0,14428.0,153.0,151.0
,,,,,,,,
,Sérbýli,,,,,,,
,,1990.0,15.0,134.0,5097.0,4494.0,38.0,34.0
,,1991.0,13.0,119.0,5173.0,4403.0,44.0,38.0
,,1992.0,21.0,143.0,7051.0,6705.0,50.0,47.0
,,1993.0,18.0,139.0,6370.0,5783.0,48.0,44.0
,,1994.0,38.0,152.0,7092.0,6648.0,49.0,46.0
,,1995.0,35.0,139.0,6065.0,5619.0,45.0,42.0
,,1996.0,24.0,142.0,6515.0,5990.0,48.0,44.0
,,1997.0,19.0,142.0,6122.0,5750.0,45.0,41.0
,,1998.0,41.0,144.0,6887.0,6625.0,49.0,47.0
,,1999.0,69.0,153.0,7839.0,7723.0,53.0,52.0
,,2000.0,45.0,131.0,8607.0,7996.0,69.0,64.0
,,2001.0,49.0,147.0,10182.0,9351.0,71.0,65.0
,,2002.0,38.0,143.0,11527.0,10774.0,84.0,79.0
,,2003.0,45.0,151.0,14006.0,13778.0,93.0,91.0
,,2004.0,75.0,197.0,14855.0,14743.0,98.0,97.0
,,2005.0,94.0,176.0,18381.0,18242.0,135.0,134.0
,,2006.0,70.0,133.0,21030.0,20554.0,163.0,160.0
,,2007.0,62.0,137.0,23913.0,23296.0,179.0,175.0
,,2008.0,33.0,138.0,24931.0,23867.0,193.0,186.0
,,2009.0,20.0,157.0,25602.0,24585.0,173.0,167.0
,,2010.0,18.0,148.0,21887.0,21200.0,154.0,149.0
,,2011.0,18.0,141.0,21317.0,20759.0,159.0,156.0
,,2012.0,33.0,145.0,22640.0,21697.0,164.0,158.0
,,2013.0,38.0,148.0,21219.0,21016.0,149.0,148.0
,,2014.0,60.0,146.0,22961.0,22665.0,167.0,164.0
,,,,,,,,
,,,,,,,,
Þorlákshöfn,,,,,,,,
,Fjölbýli,,,,,,,
,,1990.0,2.0,-,-,-,-,-
,,1991.0,6.0,84.0,3408.0,2861.0,44.0,37.0
,,1992.0,10.0,91.0,3865.0,3435.0,47.0,42.0
,,1993.0,8.0,73.0,4000.0,3597.0,58.0,52.0
,,1994.0,5.0,98.0,5030.0,4759.0,55.0,52.0
,,1995.0,10.0,78.0,5025.0,4720.0,77.0,72.0
,,1996.0,14.0,91.0,5046.0,4692.0,61.0,56.0
,,1997.0,6.0,92.0,4356.0,4244.0,54.0,53.0
,,1998.0,8.0,74.0,4126.0,4032.0,57.0,55.0
,,1999.0,14.0,90.0,5053.0,4975.0,58.0,57.0
,,2000.0,19.0,90.0,5308.0,4959.0,64.0,59.0
,,2001.0,17.0,93.0,6377.0,5996.0,73.0,68.0
,,2002.0,8.0,112.0,8019.0,7705.0,77.0,74.0
,,2003.0,14.0,81.0,6764.0,6498.0,84.0,80.0
,,2004.0,17.0,85.0,7076.0,7079.0,86.0,87.0
,,2005.0,39.0,86.0,9092.0,9122.0,107.0,108.0
,,2006.0,16.0,87.0,11063.0,10984.0,131.0,130.0
,,2007.0,22.0,98.0,13711.0,13175.0,145.0,140.0
,,2008.0,7.0,103.0,16229.0,16145.0,160.0,160.0
,,2009.0,3.0,71.0,13537.0,12560.0,192.0,178.0
,,2010.0,6.0,76.0,13608.0,12739.0,179.0,168.0
,,2011.0,3.0,99.0,12600.0,12380.0,146.0,143.0
,,2012.0,3.0,82.0,13177.0,12250.0,161.0,150.0
,,2013.0,5.0,105.0,15230.0,14221.0,145.0,136.0
,,2014.0,1.0,-,-,-,-,-
,,,,,,,,
,Sérbýli,,,,,,,
,,1990.0,9.0,146.0,5149.0,4582.0,36.0,32.0
,,1991.0,9.0,161.0,5472.0,4778.0,34.0,30.0
,,1992.0,10.0,146.0,7013.0,6260.0,49.0,44.0
,,1993.0,16.0,158.0,6731.0,5983.0,44.0,39.0
,,1994.0,22.0,157.0,6353.0,6048.0,41.0,39.0
,,1995.0,21.0,149.0,7379.0,6780.0,50.0,46.0
,,1996.0,40.0,154.0,7351.0,6748.0,47.0,43.0
,,1997.0,14.0,146.0,7651.0,7066.0,53.0,49.0
,,1998.0,13.0,140.0,7527.0,7277.0,55.0,53.0
,,1999.0,34.0,155.0,7591.0,7455.0,50.0,50.0
,,2000.0,25.0,160.0,8878.0,8181.0,56.0,52.0
,,2001.0,19.0,141.0,9082.0,8411.0,67.0,62.0
,,2002.0,22.0,159.0,11148.0,10283.0,74.0,68.0
,,2003.0,22.0,158.0,11636.0,11480.0,76.0,75.0
,,2004.0,44.0,160.0,13170.0,13047.0,83.0,83.0
,,2005.0,55.0,154.0,15496.0,15411.0,105.0,104.0
,,2006.0,28.0,157.0,19353.0,18911.0,126.0,123.0
,,2007.0,36.0,147.0,20558.0,20032.0,143.0,139.0
,,2008.0,17.0,157.0,21912.0,20874.0,141.0,134.0
,,2009.0,11.0,169.0,25423.0,23470.0,152.0,139.0
,,2010.0,9.0,161.0,22367.0,21162.0,143.0,135.0
,,2011.0,8.0,161.0,23127.0,21813.0,147.0,139.0
,,2012.0,5.0,156.0,22919.0,22618.0,149.0,146.0
,,2013.0,9.0,160.0,21459.0,20894.0,135.0,131.0
,,2014.0,23.0,170.0,21635.0,21042.0,131.0,128.0
